
--- New experiment --
Providers = 5
Topology = 1
Locations = 5
Requests = 50
Utilization = 0.64
VCG_payments = [33550.4655700613, 33.8457135433273, 22285.7511660188, 18811.1067952852, 4276.33725124496]
VCG_payments_total = 78957.5064961536
VSP_payments = [4393.963775646235, 4474.986127674436, 4724.171245484386, 4842.003851869936, 3037.9282374819845, 5938.477271347761, 4183.126707192601, 3406.910509442724, 1460.0125933761713, 2319.2973269995914, 2624.360005953252, 2916.6805082170663, 3182.1613455190613, 3156.170236752829, 2764.3259465309293, 2869.0322866834467, 4766.38777845778, 4675.9342672641, 5180.834117182908, 3193.5678679292114, 2984.8910735240784, 3230.6165041577656, 3595.1986138863417, 7924.660215748323, 3269.1577017263107, 3325.505201149003, 4618.9374549394615, 4504.845005818967, 1718.9820533968086, 3547.0651051037653, 4658.091456990976, 3762.64787428692, 5174.24142218481, 4234.855441654734, 2113.216927913709, 2836.8417819829524, 3228.2555264383946, 6403.2114284519375, 5008.410183662823, 3691.0480834675236, 2754.146294248257, 4200.429623159601, 2698.2011020900477, 3091.196723963472, 2577.4898375812636, 1624.026530867058, 5793.668025427734, 3142.6144848547865, 3267.850060528421, 4966.291242200238]
VSP_payments_total = 188056.92498841294
Surplus= 44454.1392216041
InfSP_costs = [13129.6088270140, 27.7307289751888, 2092.57948086234, 15041.1852631935, 59.8476026289663]
InfSP_total_cost = 30350.9519026740
Total_Profit = 48606.5545934796
Strategic_Provider = 5
Individual_Profit_VCG = [20420.8567430473, 6.11498456813847, 20193.1716851565, 3769.92153209170, 4216.48964861599]
Final_InfSP_payments = []
Individual_Profits_after_surplus_distribution = []
Topology= [(1, 1), (1, 2), (1, 5), (2, 4), (3, 1), (3, 3), (3, 4), (4, 1), (4, 4), (4, 5), (5, 2), (5, 4), (5, 5)]


--- New experiment --
Providers = 5
Topology = 2
Locations = 5
Requests = 50
Utilization = 0.68
VCG_payments = [8905.95156818653, 11916.0334602093, 24454.5731005650, 73103.0703218350, 4122.06609802484]
VCG_payments_total = 122501.694548821
VSP_payments = [6632.1156528886495, 1888.7277851359465, 3992.1275920621156, 362.44175543356283, 6871.38628934721, 8100.899704209313, 4072.6428384372307, 2865.9338858676015, 5408.520224540046, 1878.2434866347562, 3738.071742389688, 4676.284065834911, 3829.3195390251044, 3402.837484934483, 1504.656905952032, 3612.238364779124, 2576.864100800298, 1919.7428432024083, 4095.190822845513, 3751.26568892673, 3987.538122857952, 2881.041117006593, 2788.5555169839636, 4759.2186983502115, 4470.348115300491, 5735.703454393371, 1886.8654802002573, 8054.542271497791, 5216.101489728354, 5442.155594532284, 3856.2663366387183, 4914.589881318885, 2244.2054031166026, 5756.916650651051, 4855.650725194374, 5499.78456828221, 2591.2474844137364, 4477.618184611487, 3155.6363184543748, 12307.733111763037, 3384.7220059201, 4088.2877571696145, 4450.395312403623, 6619.6977445616385, 3009.668637185758, 4232.186594757289, 3188.891540146917, 4826.466543194968, 5472.379137526204, 1854.970239740198]
VSP_payments_total = 211188.89481114876
Surplus= 33352.4460229463
InfSP_costs = [7319.02682253374, 8989.58037506772, 7838.39187194595, 12869.7025062052, 3354.02647630113]
InfSP_total_cost = 40370.7280520538
Total_Profit = 82130.9664967669
Strategic_Provider = 1
Individual_Profit_VCG = [1586.92474565279, 2926.45308514161, 16616.1812286190, 60233.3678156298, 768.039621723704]
Final_InfSP_payments = []
Individual_Profits_after_surplus_distribution = []
Topology= [(1, 1), (1, 2), (2, 1), (2, 5), (3, 2), (3, 4), (3, 5), (4, 3), (4, 4), (4, 5), (5, 1), (5, 2), (5, 5)]


--- New experiment --
Providers = 5
Topology = 3
Locations = 5
Requests = 50
Utilization = 0.56
VCG_payments = [54323.4195552552, 4659.34950857131, 189.905229595839, 78.8695805343013, 53071.9247523812]
VCG_payments_total = 112323.468626338
VSP_payments = [3549.440645315713, 4646.95020473081, 2499.601514742975, 3228.0633793376983, 4344.2024410831245, 2801.2695948716005, 4334.624928949025, 3312.0713533915136, 2853.2853292556206, 2960.7004526665683, 3848.800975682116, 5763.828611798029, 4234.125765427484, 3555.3033357320714, 3437.5466478236044, 2800.5243562966007, 3064.499730503768, 3372.993960277115, 1955.9657348647925, 2160.9751417180773, 3133.8883509610364, 2349.4565024072162, 4786.637674156307, 3035.7785375393746, 2741.582094215345, 6046.8650813715485, 6193.463939277452, 3899.588305982382, 7203.313814365715, 2991.4507401415494, 3226.4025015666507, 2729.3543154117297, 4480.229442904793, 4076.0469108903444, 4172.650868499284, 2842.2951234655893, 4252.864858241654, 4467.6918502826065, 8483.940556205496, 3109.8099705832915, 1844.1716555973528, 4487.178684405084, 3187.623519028965, 1840.9218506226803, 3588.6180109199854, 6000.7218303910995, 4494.085417703399, 4198.208083896013, 4261.225704560018, 3963.0262827071233]
VSP_payments_total = 190813.86658276943
Surplus= 8885.27028024265
InfSP_costs = [4870.55255208706, 4537.52139878393, 164.266948183227, 72.6370902573525, 15818.6123558469]
InfSP_total_cost = 25463.5903451585
Total_Profit = 86859.8782811793
Strategic_Provider = 1
Individual_Profit_VCG = [49452.8670031681, 121.828109787376, 25.6382814126124, 6.23249027694882, 37253.3123965342]
Final_InfSP_payments = []
Individual_Profits_after_surplus_distribution = []
Topology= [(1, 3), (1, 5), (2, 2), (3, 1), (3, 2), (3, 5), (4, 1), (5, 1), (5, 2), (5, 4), (5, 5)]


--- New experiment --
Providers = 5
Topology = 4
Locations = 5
Requests = 50
Utilization = 0.66
VCG_payments = [39777.7599803516, 5950.74012772163, 39741.0765979541, 20636.3915032490, 59640.0201530310]
VCG_payments_total = 165745.988362307
VSP_payments = [3543.7608680406092, 2769.948267084203, 4543.034703619651, 2290.975054953142, 2331.7060794664576, 3111.0935139829658, 3772.737742017688, 4723.703921264978, 6209.710859428085, 2465.1448791949865, 3997.5258283950975, 4289.582733421171, 3257.027918839233, 3334.8569704268057, 7207.26413032167, 4291.354669874277, 3966.1509049396177, 5912.589492759067, 3005.605375292992, 1449.5026310863411, 5308.5146845825875, 1850.3959158865043, 2909.3044887096526, 3166.0568376026367, 2887.5961064151093, 2743.9924891895994, 5414.659872329847, 3191.258519626515, 4400.060936090628, 3182.1300016572063, 1894.859411715196, 2312.403957513994, 2089.679220971002, 3004.628356957989, 7357.129733113698, 2976.9156420562895, 5019.384616629595, 1639.4041391839087, 5286.164847854463, 4982.636021757437, 7137.516693527223, 5447.778750389349, 1722.529670643768, 4097.5046773424365, 3205.571178327436, 3412.9542983105885, 6354.84998960779, 2462.2897553784524, 3163.1970541698074, 2463.3117711097143]
VSP_payments_total = 187557.9561830594
Surplus= -33662.4377752815
InfSP_costs = [9842.02242014963, 2868.15380163678, 12490.3785353854, 2.83509526454509, 13536.4776286536]
InfSP_total_cost = 38739.8674810900
Total_Profit = 127006.120881217
Strategic_Provider = 5
Individual_Profit_VCG = [29935.7375602020, 3082.58632608485, 27250.6980625687, 20633.5564079844, 46103.5425243775]
Final_InfSP_payments = []
Individual_Profits_after_surplus_distribution = []
Topology= [(1, 1), (1, 3), (2, 1), (3, 5), (4, 4), (5, 2), (5, 4)]


--- New experiment --
Providers = 5
Topology = 5
Locations = 5
Requests = 50
Utilization = 0.5
VCG_payments = [1553.61867789850, 5562.66428088654, 4712.27258307932, 5457.62617648994, 9795.23217970656]
VCG_payments_total = 27081.4138980609
VSP_payments = [5066.047928007977, 2031.3435799711822, 2659.9080280707585, 7219.779235716197, 2231.430572830476, 4080.562058790003, 1925.200536750282, 2589.8029514269465, 3591.130724892542, 4242.471373478838, 4072.8554392955566, 4224.50013990011, 5374.662366082968, 6078.579808720001, 1853.5202897383604, 5004.685950313716, 3122.2395153739103, 1313.0025654541923, 4291.894300820398, 6044.854836576712, 5913.069070245957, 2469.4740011821973, 3412.551817791818, 1571.2181997156677, 2886.7676870271184, 3118.768632543945, 2203.0066357628734, 5312.555503276024, 6246.978072558755, 2909.349746533385, 1898.34727639934, 6510.255002933466, 3358.336336300563, 2334.4364314300606, 3143.572775742851, 3615.6510029970405, 1557.0780662149984, 1873.2699240020668, 5684.9836935141375, 2577.1775972861815, 2531.3671391903817, 2372.7934168333372, 2087.8679593381453, 2665.5016210311337, 6089.026888579877, 5682.912388875584, 2510.6390405795246, 5279.044166409292, 2769.3570764730584, 3456.69646725544]
VSP_payments_total = 181060.52584023538
Surplus= 64313.6933779061
InfSP_costs = [1553.61867789850, 5562.66428088654, 4712.27258307932, 5457.62617648994, 9795.23217970656]
InfSP_total_cost = 27081.4138980609
Total_Profit = 0
Strategic_Provider = 4
Individual_Profit_VCG = [0, 0, 0, 0, 0]
Final_InfSP_payments = []
Individual_Profits_after_surplus_distribution = []
Topology= [(1, 4), (1, 5), (2, 3), (2, 5), (3, 1), (3, 5), (4, 1), (4, 2), (5, 1), (5, 3)]


--- New experiment --
Providers = 5
Topology = 6
Locations = 5
Requests = 50
Utilization = 1.0
VCG_payments = [99040.0626888453, 10650.6689243820, 18428.8640870143, 26707.8854398814, 2993.31831111960]
VCG_payments_total = 157820.799451243
VSP_payments = [2403.1950962549554, 2316.026206218079, 4160.589294991944, 2413.854053583104, 7075.983247855605, 2764.3983826086187, 3359.8864100010396, 2713.6565087990984, 1827.708453526116, 5846.298572488147, 2685.987240887307, 1518.8668691480013, 2230.4809989465607, 2762.964847562147, 4136.601385709558, 4368.988889074275, 5037.016142913725, 1837.4654864776658, 2385.6364668005376, 3888.228556347899, 4326.679023342928, 3893.6070330647985, 2405.506812025311, 3225.1736680034355, 3893.218260138816, 3065.082302781988, 2705.023078833636, 4410.207743323338, 5189.005015695551, 3079.665396561238, 4803.258513584948, 2050.884984148463, 3746.6874262770957, 3482.8198096530286, 3202.279919024198, 3973.043223306673, 3304.654461684879, 5256.369774681236, 3317.2598697079725, 4281.992302214355, 2053.5694055622557, 5140.958366120215, 6105.075541526396, 3300.9407195584145, 3193.97483646338, 7848.1352942505955, 4186.61175171173, 3867.237892642064, 3688.6350792855633, 3865.067867261414]
VSP_payments_total = 182596.4584826303
Surplus= 24775.6590313877
InfSP_costs = [31956.0224488080, 8204.09877486592, 8697.21931381506, 110.378093578147, 2890.94558520727]
InfSP_total_cost = 51858.6642162744
Total_Profit = 105962.135234968
Strategic_Provider = 3
Individual_Profit_VCG = [67084.0402400373, 2446.57014951608, 9731.64477319927, 26597.5073463033, 102.372725912326]
Final_InfSP_payments = []
Individual_Profits_after_surplus_distribution = []
Topology= [(1, 1), (1, 2), (1, 3), (1, 4), (1, 5), (2, 2), (2, 4), (2, 5), (3, 2), (3, 4), (4, 3), (4, 4), (5, 5)]


--- New experiment --
Providers = 5
Topology = 1
Locations = 5
Requests = 50
Utilization = 0.74
VCG_payments = [44705.4599424371, 63216.1481677322, 77.3063114532561, 20915.7401512230, 1251.01836013263]
VCG_payments_total = 130165.672932978
VSP_payments = [3159.357100494717, 4652.447378800122, 7144.710868290676, 4917.14687964687, 2936.234710513648, 2135.490856744991, 4214.734513252149, 3288.593861974718, 5510.334485278943, 2942.959588187185, 4410.422239203561, 2643.6696098315956, 3862.26473341796, 3294.0203401410045, 5106.0041357569025, 3033.25993302405, 2697.25231235266, 5052.986423640224, 2487.057364572789, 3243.412029330016, 6204.166497014702, 3670.23969408407, 4690.878198415274, 3811.395524296709, 2645.931843311135, 4889.159512435881, 1282.133286554333, 3006.7392420050314, 5100.083395457207, 8549.528099745608, 3449.5118621984334, 1434.414719332424, 2023.279531279188, 3748.1593078587057, 2753.992877069674, 2960.5993501835756, 3059.5639637305585, 4100.063684697427, 2910.2454586173594, 3179.996823954953, 2725.6630015632977, 2498.3466705063697, 4613.152502406369, 5150.023413478434, 2303.8534192809643, 5158.526165983121, 1724.162603450296, 4105.995978097667, 3322.6472775120624, 3521.04015362088]
VSP_payments_total = 185325.85342259647
Surplus= 19473.8749680251
InfSP_costs = [5744.90261793746, 11974.8122250213, 57.7394156354361, 16822.1554000891, 1219.38089617744]
InfSP_total_cost = 35818.9905548607
Total_Profit = 94346.6823781175
Strategic_Provider = 2
Individual_Profit_VCG = [38960.5573244997, 51241.3359427109, 19.5668958178200, 4093.58475113390, 31.6374639551877]
Final_InfSP_payments = []
Individual_Profits_after_surplus_distribution = []
Topology= [(1, 1), (1, 2), (2, 2), (2, 3), (2, 4), (2, 5), (3, 2), (3, 4), (4, 2), (4, 4), (4, 5), (5, 4), (5, 5)]


--- New experiment --
Providers = 5
Topology = 2
Locations = 5
Requests = 50
Utilization = 0.72
VCG_payments = [122.686584740197, 10105.2771254688, 5750.08504099600, 6136.46409120347, 17522.8575520951]
VCG_payments_total = 39637.3703945036
VSP_payments = [3685.468904154084, 3092.3154957728434, 7062.991183218329, 3678.997232108276, 3912.800097776734, 1081.4860344066917, 4517.871141049933, 5491.466732425547, 3189.1703787714, 2748.018866245846, 2431.6207906805557, 3374.4888338191354, 3377.498889349746, 3870.314584637913, 3270.804410306697, 4287.449698491194, 5169.277136092228, 4326.674346444024, 4570.439625201994, 4396.303687427565, 5079.295306565037, 2992.2564349017666, 3993.5066372462384, 3637.5843218513346, 2844.2604343420944, 4147.848778979309, 2284.80237273128, 1795.866520227393, 3409.697311559029, 3559.1873978153844, 2531.770170812226, 2668.4169635406665, 3638.822592027389, 4302.639056599064, 2818.2646639045784, 2454.352505365376, 4072.0432262374666, 6071.820056538797, 4626.633242526654, 3448.2457809224525, 7329.915330023357, 3544.0744396615937, 4367.34105811455, 2091.9036835273278, 4435.732341478361, 2514.9690962730774, 2751.9739896714445, 6073.926112765031, 3521.661639829799, 2845.389408142331]
VSP_payments_total = 187389.65894256113
Surplus= 102297.633791182
InfSP_costs = [122.686584740197, 10105.2771254688, 5750.08504099600, 6136.46409120347, 17522.8575520951]
InfSP_total_cost = 39637.3703945036
Total_Profit = 0
Strategic_Provider = 3
Individual_Profit_VCG = [0, 0, 0, 0, 0]
Final_InfSP_payments = []
Individual_Profits_after_surplus_distribution = []
Topology= [(1, 3), (1, 5), (2, 1), (2, 2), (2, 4), (2, 5), (3, 2), (3, 5), (4, 3), (5, 1), (5, 3), (5, 4), (5, 5)]


--- New experiment --
Providers = 5
Topology = 3
Locations = 5
Requests = 50
Utilization = 0.7
VCG_payments = [6078.44215450158, 6386.42942252378, 1382.12673254148, 58288.3388094600, 62987.7325889083]
VCG_payments_total = 135123.069707935
VSP_payments = [334.6507622126398, 2154.373840860893, 3389.3270537202966, 2595.2020982232484, 3045.8559530074776, 3370.630129477396, 2886.3078508225303, 2799.3021260740525, 965.0832176493268, 6112.7228942024385, 5807.0029703184255, 4584.350141266298, 4130.313289733648, 4067.229426525189, 3997.5841931613627, 2458.529413746561, 2948.3230689160637, 3624.83103042171, 4269.3253355486195, 5041.808849729193, 3790.9474220784655, 6056.08174867439, 3393.2302742526767, 2356.4041156442518, 5770.90352475569, 3167.655394816167, 3531.0083306152696, 2359.04741141563, 2554.183041710782, 5838.0448362476045, 2871.188511077605, 3010.608417981727, 5250.880401523479, 3793.4615107777013, 4513.8339979791435, 3573.246932470494, 5769.416501490453, 7287.63427230929, 2915.566689162408, 2383.9222871044444, 5268.90489275495, 4950.297185220005, 2395.609134063155, 3157.759470245133, 4984.901289296723, 6819.657415239704, 2536.8944556917986, 3466.2075245828687, 3925.6580657460645, 3803.5598966901666]
VSP_payments_total = 190079.46859723554
Surplus= 11129.5949177114
InfSP_costs = [3755.71443854870, 6336.99027743859, 258.018223864025, 18821.8391182114, 17874.3473054942]
InfSP_total_cost = 47046.9093635569
Total_Profit = 88076.1603443783
Strategic_Provider = 3
Individual_Profit_VCG = [2322.72771595288, 49.4391450851908, 1124.10850867746, 39466.4996912486, 45113.3852834141]
Final_InfSP_payments = []
Individual_Profits_after_surplus_distribution = []
Topology= [(1, 4), (2, 1), (2, 5), (3, 1), (3, 4), (3, 5), (4, 1), (4, 3), (4, 5), (5, 2), (5, 4), (5, 5)]


--- New experiment --
Providers = 5
Topology = 4
Locations = 5
Requests = 50
Utilization = 0.96
VCG_payments = [15848.5895092786, 2787.18078215054, 121325.859613269, 28204.7946023269, 3.20095430432256]
VCG_payments_total = 168169.625461330
VSP_payments = [4715.212661214714, 3852.615380126009, 4418.212029918251, 3200.809016330203, 2411.387180910732, 5743.372264495334, 6359.62589670039, 1902.2810065933475, 4473.329588924713, 5854.208864348038, 2438.918306665347, 3641.8594894199114, 3428.517139415369, 2216.6727056741643, 4574.615784020807, 4871.617513870395, 1633.8555618260807, 2346.0245903459486, 5591.747444425144, 3615.838626699135, 3518.4131294201807, 4646.936376000087, 6154.833594971754, 2800.1812481736265, 6889.285719813312, 2425.6548038443575, 2400.755677392603, 4954.823326698419, 4065.5326248974147, 3263.2445384854873, 5171.052437550717, 3455.5867452405187, 4783.313406185953, 2816.120022914336, 5121.278387708632, 3328.2838348832493, 2651.364680915052, 3418.441481039915, 3444.345255271083, 4304.078928546517, 3443.0651673036964, 3251.1205687493675, 3106.526132944307, 4255.4832672583025, 3255.426756407259, 5430.838632326082, 3022.5754677690734, 6802.766547014425, 2382.9630233982316, 2929.5069243318126]
VSP_payments_total = 194784.51975937982
Surplus= 20952.3865483894
InfSP_costs = [14965.1138891800, 106.310834694211, 29867.8781347713, 1945.66944736843, 3.20095430432256]
InfSP_total_cost = 46888.1732603181
Total_Profit = 121281.452201012
Strategic_Provider = 5
Individual_Profit_VCG = [883.475620098665, 2680.86994745632, 91457.9814784982, 26259.1251549585, 0]
Final_InfSP_payments = []
Individual_Profits_after_surplus_distribution = []
Topology= [(1, 2), (1, 3), (1, 5), (2, 3), (2, 5), (3, 1), (3, 2), (3, 4), (4, 1), (4, 3), (4, 5), (5, 2), (5, 3)]


--- New experiment --
Providers = 5
Topology = 5
Locations = 5
Requests = 50
Utilization = 0.66
VCG_payments = [5193.54248081916, 14591.4850567355, 86712.5592850802, 90.4929111497040, 7004.85399933383]
VCG_payments_total = 113592.933733118
VSP_payments = [7192.469188121453, 1825.365288614956, 2495.77577353236, 4811.009332581287, 2304.141156198189, 3190.5768007769584, 3573.1456947973816, 3419.9115029942973, 2804.601409229787, 3121.7888098245026, 4504.011528931925, 2462.078362088642, 3131.301019233833, 3976.766448572033, 5047.277731642792, 2472.6571022192493, 4033.7012299923354, 3359.6927083503288, 3341.5031383109313, 5173.210667081008, 3562.3809787694254, 3187.797817720662, 2716.8940047563597, 3006.014374512842, 3504.3853541798912, 2099.17045026399, 3947.0073437710307, 3717.136987595591, 2334.3858992618448, 5533.13627755645, 2859.6615871323147, 2088.5931693135385, 2982.7725150800597, 6585.618486933295, 3888.795441595338, 4340.26941029337, 4566.907584428927, 6105.7504477215425, 2380.3605196183416, 5320.092536051058, 2633.3686654198564, 4854.304101774702, 5044.612424965418, 3876.4090580495863, 3560.2820729268797, 4151.885161632549, 2891.511338455601, 2951.3361279353094, 3991.117934432919, 2639.5137258632253]
VSP_payments_total = 183562.45669110617
Surplus= 17834.2789874402
InfSP_costs = [5123.73042238076, 9809.55637996024, 9797.85099203762, 64.8855779984038, 5767.75400367662]
InfSP_total_cost = 30563.7773760536
Total_Profit = 83029.1563570647
Strategic_Provider = 2
Individual_Profit_VCG = [69.8120584384005, 4781.92867677526, 76914.7082930426, 25.6073331513002, 1237.09999565722]
Final_InfSP_payments = []
Individual_Profits_after_surplus_distribution = []
Topology= [(1, 1), (1, 5), (2, 1), (2, 2), (2, 5), (3, 2), (3, 3), (3, 4), (3, 5), (4, 1), (5, 1)]


--- New experiment --
Providers = 5
Topology = 6
Locations = 5
Requests = 50
Utilization = 0.68
VCG_payments = [46485.6984190523, 25860.0610821014, 27131.5939227218, 45791.0592353667, 8541.91160552303]
VCG_payments_total = 153810.324264765
VSP_payments = [3069.9165494574554, 3636.21084984369, 2316.037522434126, 2056.6471549607863, 4484.548395323704, 2704.8840373589615, 3275.8960006272578, 6502.041021664202, 1738.4316221667061, 5592.560112738455, 2957.251040377337, 2075.561209284112, 2649.23776745976, 3451.427964065343, 3392.509558100351, 2019.771943723109, 2491.1029808973476, 5610.573987465767, 2398.182644448976, 4448.805409800792, 5416.541485320282, 5223.006707880773, 6319.86425271797, 4396.510941180404, 2963.2202135586667, 949.2251321348829, 3838.2204886018553, 3125.8683947735067, 825.7875142398915, 4634.310641985664, 3663.1386641766917, 5626.64281820815, 4801.668342466722, 5457.00781219991, 3982.2965462912625, 4364.451562708506, 1998.5907868959248, 4203.248054065535, 6028.8207779050945, 5490.667214498669, 5090.681601522817, 2741.341331333887, 3117.844101933649, 3863.149829626927, 2027.2375577660612, 2646.590412403998, 5944.036130712094, 3882.8790468036814, 5104.531769234711, 4319.149848428833]
VSP_payments_total = 188918.1277537753
Surplus= -14400.0545547703
InfSP_costs = [4142.67004846004, 5784.73092738103, 8066.32896763265, 18417.1484240981, 1.11447138219046]
InfSP_total_cost = 36411.9928389540
Total_Profit = 117398.331425811
Strategic_Provider = 3
Individual_Profit_VCG = [42343.0283705922, 20075.3301547204, 19065.2649550892, 27373.9108112686, 8540.79713414084]
Final_InfSP_payments = []
Individual_Profits_after_surplus_distribution = []
Topology= [(1, 3), (1, 5), (2, 4), (2, 5), (3, 2), (3, 4), (4, 1), (4, 2), (4, 5), (5, 1)]


--- New experiment --
Providers = 5
Topology = 7
Locations = 5
Requests = 50
Utilization = 0.96
VCG_payments = [18403.4803787324, 1.21253401578711, 436.571269719409, 28996.9384486524, 5104.80716348654]
VCG_payments_total = 52943.0097946066
VSP_payments = [4467.195724797384, 6521.161464643582, 6144.355696646075, 7350.209139186992, 3668.1687031675615, 2906.645961507503, 4345.165007433803, 3114.482456182476, 4875.485715104068, 2079.567273753543, 3751.6120152225762, 2896.6386242832887, 2847.4328730196644, 1370.1856524780917, 4648.508981737359, 4188.318546673239, 4747.471415247967, 2956.5636543415553, 3075.9744866571446, 2920.971322662366, 4101.8098881508, 4344.4412230097905, 2342.132896154036, 5226.648847323724, 5222.441284650249, 4887.865975246394, 4027.714618720337, 2812.8478064545, 2954.7030943533923, 4254.0313332421, 2129.0360211958437, 3482.470091520653, 1134.5578907356792, 3897.520536523999, 2454.242746773227, 1790.6956686896656, 2044.016743099872, 4085.172929837005, 3847.132925557838, 3894.413388952451, 2436.100115748984, 4307.423898573982, 2210.535194213916, 3052.6542136418952, 4816.883703204291, 2648.478360430491, 3191.094028842804, 3461.3771459337922, 3882.863639582412, 5211.160768283521]
VSP_payments_total = 183028.58169339393
Surplus= 126261.143499536
InfSP_costs = [18403.4803787324, 1.21253401578711, 436.571269719409, 28996.9384486524, 5104.80716348654]
InfSP_total_cost = 52943.0097946066
Total_Profit = 0
Strategic_Provider = 2
Individual_Profit_VCG = [0, 0, 0, 0, 0]
Final_InfSP_payments = []
Individual_Profits_after_surplus_distribution = []
Topology= [(1, 1), (1, 3), (1, 4), (1, 5), (2, 2), (3, 1), (3, 2), (3, 3), (4, 1), (4, 2), (4, 3), (4, 4), (5, 2), (5, 3), (5, 4), (5, 5)]


--- New experiment --
Providers = 5
Topology = 8
Locations = 5
Requests = 50
Utilization = 0.56
VCG_payments = [289.206065410559, 8734.27808407234, 10338.6880590006, 41048.1208111398, 15465.1130816820]
VCG_payments_total = 75875.4061013053
VSP_payments = [4373.379639775361, 3748.5985605672977, 4487.897800297765, 2138.0860777427333, 3634.225688837145, 5866.517893678902, 3528.792790788093, 2343.254956877216, 2881.2954780080154, 6401.449957282295, 2318.9588332237226, 4787.535840086016, 4170.1770742148565, 6228.620519548306, 4695.060978590746, 5123.453886849692, 3265.00156655553, 2935.8640541412583, 7013.764993182248, 3998.371644859633, 4528.691293994145, 3607.038105119081, 5443.593183036654, 3859.352944680479, 1190.8490250714035, 3890.3042428008225, 3438.881279081247, 3390.799793155049, 4679.068164284757, 2779.2393814612756, 2620.2535250791357, 3809.6092420526406, 2138.282856774826, 3186.743076779125, 1788.3047351895461, 4849.423892979006, 3704.037305900608, 4473.0082228849415, 5957.294977768216, 2537.9784306219954, 5974.128147186564, 6699.464299879918, 3184.8569453502587, 2468.9289139681878, 4788.108855023061, 2719.9354648235712, 5939.281766538959, 3575.585192348418, 3480.7648454318696, 2717.73696923895]
VSP_payments_total = 197361.85331361153
Surplus= 41525.9944864871
InfSP_costs = [82.1857721379760, 8389.38001796811, 8970.36445316841, 3368.62086729480, 9428.43841927206]
InfSP_total_cost = 30238.9895298414
Total_Profit = 45636.4165714640
Strategic_Provider = 4
Individual_Profit_VCG = [207.020293272583, 344.898066104228, 1368.32360583221, 37679.4999438450, 6036.67466240994]
Final_InfSP_payments = []
Individual_Profits_after_surplus_distribution = []
Topology= [(1, 2), (1, 3), (1, 5), (2, 2), (2, 3), (3, 2), (3, 3), (3, 4), (4, 1), (4, 2), (5, 3), (5, 4), (5, 5)]


--- New experiment --
Providers = 5
Topology = 9
Locations = 5
Requests = 50
Utilization = 0.68
VCG_payments = [76775.5734714073, 15005.7156235695, 194.683622520562, 35971.8932674370, 9770.12594056099]
VCG_payments_total = 137717.991925495
VSP_payments = [3275.0292175945274, 4219.0169708988215, 2947.416236585673, 6216.943624058424, 4729.724340238497, 5250.071184583403, 2844.3511639783524, 8137.127115676497, 5141.865248387733, 6162.667333980721, 1832.453745312475, 3685.927912815704, 4809.330849453898, 4747.606412874045, 4928.027333567858, 2738.605405545867, 3657.2496079146076, 4052.3800831809926, 4128.182319599848, 3998.59769035362, 3767.8119581623837, 2370.372379394092, 3276.396877954552, 2953.9438550719287, 6580.581500549088, 3655.4203160159686, 4669.196108346997, 5137.094916949438, 7262.311104242347, 2153.7116948139874, 1987.3031269899047, 3704.6676287101222, 2028.074346403129, 3372.0614521820094, 2844.8462612270328, 1546.6584518129057, 2434.879791116264, 3968.448747859911, 2775.92923985321, 6152.418877636902, 3069.5182352961133, 1764.4980575081436, 4255.839081395808, 2300.0367845284763, 3124.8473260236588, 3673.938671463475, 3624.3602991841262, 3181.198444807195, 4337.364684546266, 2919.0642615304573]
VSP_payments_total = 192395.36827817748
Surplus= -710.479443053307
InfSP_costs = [20913.9532353018, 9696.94606687214, 148.969075809438, 3564.44481048071, 2780.56844664441]
InfSP_total_cost = 37104.8816351084
Total_Profit = 100613.110290387
Strategic_Provider = 1
Individual_Profit_VCG = [55861.6202361055, 5308.76955669735, 45.7145467111245, 32407.4484569563, 6989.55749391658]
Final_InfSP_payments = []
Individual_Profits_after_surplus_distribution = []
Topology= [(1, 1), (1, 3), (1, 5), (2, 1), (2, 2), (3, 1), (3, 2), (4, 1), (4, 4), (5, 1), (5, 3)]


--- New experiment --
Providers = 5
Topology = 10
Locations = 5
Requests = 50
Utilization = 0.68
VCG_payments = [42779.0039750921, 1446.51030462166, 86.7544728459319, 15905.9605929009, 12216.8971621941]
VCG_payments_total = 72435.1265076548
VSP_payments = [1458.8436232955378, 4589.383563683862, 7206.515293116837, 3809.175881458335, 3882.6392592478574, 3971.1104764567817, 2750.3733379362075, 4380.502607688612, 5288.299891785306, 2990.6416504555445, 2703.992770304594, 3018.0563450987743, 2076.2236186064856, 4909.15405243754, 5683.146478094319, 5070.903725546064, 2090.1367846755397, 1458.6632599496616, 2829.5811715672307, 3183.4645632090596, 4829.069201220875, 2632.849841308622, 2344.0405133579616, 3896.0092855419025, 3863.77959608877, 4803.26868080433, 5683.229643754578, 2961.5750535915017, 4154.265365479537, 3593.25608035998, 2986.004110698389, 2740.3893923748346, 3163.3787469448275, 822.9955952306044, 2869.3509079824926, 3168.209075989528, 3536.5670851950617, 7810.709667120942, 1226.3009234471165, 4760.764298274265, 1766.568719335997, 4053.409109559691, 4605.535009002638, 3738.0393488267327, 3970.7811155106547, 3831.427320004922, 2629.8514503414526, 3013.278814798422, 6330.581397218364, 1681.1766409378868]
VSP_payments_total = 180817.4703449171
Surplus= 54177.3768150126
InfSP_costs = [4675.95235311056, 1446.51030462166, 86.7544728459319, 15905.9605929009, 12216.8971621941]
InfSP_total_cost = 34332.0748856732
Total_Profit = 38103.0516219815
Strategic_Provider = 4
Individual_Profit_VCG = [38103.0516219815, 0, 0, 0, 0]
Final_InfSP_payments = []
Individual_Profits_after_surplus_distribution = []
Topology= [(1, 1), (2, 2), (2, 5), (3, 5), (4, 2), (4, 3), (4, 4), (5, 2), (5, 3), (5, 4), (5, 5)]


--- New experiment --
Providers = 5
Topology = 11
Locations = 5
Requests = 50
Utilization = 0.84
VCG_payments = [38120.1022567791, 29682.8884561006, 22630.7945245782, 22090.0316908541, 56403.9762973660]
VCG_payments_total = 168927.793225678
VSP_payments = [2985.641227315899, 1760.3279262994845, 2797.000355788433, 3901.879308863087, 5280.193174139664, 6068.55904114669, 4605.7350901639875, 7247.4363244672995, 2288.0164455255317, 3632.3539960025473, 6643.649228811143, 2109.662644051893, 2864.0504521991757, 4951.190525870757, 4898.318493567039, 2950.9683408558017, 3015.3214429193154, 2971.328025420282, 3086.9557516852833, 3601.071613398591, 2403.328827890264, 4801.545674528183, 5020.11948663893, 3699.299682948945, 3255.8582635584894, 3996.718715099925, 3956.607061557331, 5152.667707460395, 2216.3014794903725, 4254.0087144241825, 3283.4182893171483, 2871.3759723988105, 6017.242936032806, 2860.066978174395, 2705.880447677621, 5146.897726019259, 4782.1937863234225, 2489.6804340460817, 4538.117714711503, 3306.4669483245643, 2750.9172904568422, 1801.8575468452402, 4982.287271341601, 3681.0951528007663, 4496.034521231821, 2931.322505875065, 1942.8295596185274, 4335.263727527411, 5333.152057272813, 2857.8855644888636]
VSP_payments_total = 189530.10145257344
Surplus= -5187.16536015342
InfSP_costs = [6186.90884497045, 7932.70708651197, 9438.48660342285, 5566.41264874311, 10906.9707265412]
InfSP_total_cost = 40031.4859101895
Total_Profit = 128896.307315488
Strategic_Provider = 5
Individual_Profit_VCG = [31933.1934118087, 21750.1813695886, 13192.3079211553, 16523.6190421110, 45497.0055708249]
Final_InfSP_payments = []
Individual_Profits_after_surplus_distribution = []
Topology= [(1, 1), (1, 2), (1, 5), (2, 1), (2, 3), (3, 1), (3, 3), (4, 1), (4, 4), (4, 5), (5, 1), (5, 2), (5, 4), (5, 5)]


--- New experiment --
Providers = 5
Topology = 12
Locations = 5
Requests = 50
Utilization = 0.68
VCG_payments = [11093.6764816727, 19255.8870157533, 40204.7876963357, 10861.0395014078, 8457.25463246719]
VCG_payments_total = 89872.6453276367
VSP_payments = [3657.706507685301, 4376.290064664526, 2603.533704000242, 5765.086744759379, 3460.6551530194274, 3058.420446837579, 7305.131598191911, 4615.380769735937, 3970.570206903954, 2412.3307138437203, 2196.722681186916, 2524.5327853485524, 6551.2964958535495, 2927.7893593752615, 2842.1567020756147, 1846.2948033848763, 2882.533310129564, 4248.834127847159, 4551.233680820233, 3055.1627448324016, 3044.810045611311, 5035.9107376180455, 1813.8980682006115, 3927.376785132394, 3144.8260629158235, 4355.4084791908745, 1393.4923656048084, 2239.4966356290843, 4090.4261849244626, 2111.599584356983, 5234.697810953647, 3716.0067270902487, 4816.689557505458, 3220.372150828118, 3815.9730927997734, 4358.08056637235, 2004.6503181163905, 3228.5017340748905, 5140.926370735618, 3145.6144806691377, 5805.269685024504, 3573.232347913846, 1629.871031079875, 1667.7799581457307, 3890.1534723910695, 3329.3479942266817, 3636.625261245797, 2294.958091042392, 3291.0005365449056, 3162.4205104645303]
VSP_payments_total = 176971.07924690546
Surplus= 45506.3232381890
InfSP_costs = [7119.20401007277, 5102.08370796628, 21282.9647358964, 553.468802243742, 114.196872358940]
InfSP_total_cost = 34171.9181285382
Total_Profit = 55700.7271990985
Strategic_Provider = 1
Individual_Profit_VCG = [3974.47247159997, 14153.8033077870, 18921.8229604393, 10307.5706991641, 8343.05776010825]
Final_InfSP_payments = []
Individual_Profits_after_surplus_distribution = []
Topology= [(1, 3), (1, 5), (2, 3), (2, 4), (3, 1), (3, 2), (3, 4), (4, 2), (4, 3), (4, 5), (5, 1), (5, 3)]


--- New experiment --
Providers = 5
Topology = 13
Locations = 5
Requests = 50
Utilization = 0.64
VCG_payments = [23854.5673951542, 25425.8710651240, 2161.43188951997, 14034.2620142733, 19894.0232931960]
VCG_payments_total = 85370.1556572675
VSP_payments = [2117.408378479915, 2562.6396668172715, 6797.25029399206, 5710.682783492454, 3147.7972863993364, 3085.279099516015, 3707.538467361247, 4027.990912848807, 2910.0146665902444, 3359.306560136461, 2966.2659730417595, 4470.7045037528715, 3227.2781344736286, 3747.4802322220116, 3409.882798113163, 4830.127408936463, 4561.443843144312, 1497.794163976092, 4094.865661804685, 3716.915446589269, 3057.2819292457402, 3492.5846691293495, 3541.038308157985, 4014.301065455374, 4160.667244473824, 2486.6757161792266, 2888.986451639866, 3051.084942869654, 4030.745305414401, 2210.7954355496545, 5723.548970069387, 2363.8730303379593, 6518.021303515664, 5075.393821264628, 3004.7551229450514, 3130.592239497495, 459.16289370272654, 6723.214625966795, 2701.980274820966, 2691.2303250445148, 2162.1872224374515, 3875.587125442751, 4902.992834865428, 1855.9026516138806, 2467.8820190501365, 2889.127282757212, 4288.562082859797, 5821.492951969511, 7519.221403518277, 947.751740678792]
VSP_payments_total = 182005.30727216153
Surplus= 47746.3397615303
InfSP_costs = [7410.41447138129, 989.748702086621, 132.120732733647, 9377.89034161414, 11619.3935197263]
InfSP_total_cost = 29529.5677675420
Total_Profit = 55840.5878897255
Strategic_Provider = 5
Individual_Profit_VCG = [16444.1529237729, 24436.1223630374, 2029.31115678632, 4656.37167265915, 8274.62977346968]
Final_InfSP_payments = []
Individual_Profits_after_surplus_distribution = []
Topology= [(1, 1), (1, 3), (1, 5), (2, 1), (2, 2), (2, 4), (3, 3), (3, 4), (4, 2), (4, 4), (5, 3), (5, 4), (5, 5)]


--- New experiment --
Providers = 5
Topology = 14
Locations = 5
Requests = 50
Utilization = 0.72
VCG_payments = [10577.5812823534, 13192.3823838908, 4734.11626847147, 80818.8743735093, 13652.8943280457]
VCG_payments_total = 122975.848636271
VSP_payments = [3279.058101706101, 5376.2295429775695, 3495.6833732778764, 2447.1248756559153, 3270.487327367142, 3780.545018833817, 2785.3099092312996, 5871.693814795692, 6516.328874200861, 7395.957002466696, 4944.452067785531, 3971.6799136001223, 2593.127489348404, 4596.048028981715, 2817.3552953224817, 3641.1104535157365, 4242.147750038795, 4318.337807608438, 4018.182605374212, 3897.7622705015124, 3965.446516671361, 4477.238603321034, 6373.407157407688, 3122.427667916389, 8086.004612053895, 5405.996051969779, 3764.898767945699, 3711.7545405006867, 2498.9897984929125, 1728.9436837912438, 1855.5979769349312, 4904.911279296385, 821.3573269787885, 2448.5326336534035, 4058.738748827438, 2168.6322252068708, 3479.5998079451224, 3327.265893662599, 1854.6060734388345, 2627.7674990628525, 2204.9885036185433, 2328.88432980945, 2341.7450492699777, 2401.435315495231, 6135.402719839295, 7902.855470049803, 4734.749492983569, 5732.050530898475, 3254.065609497832, 2879.1844428795566]
VSP_payments_total = 193856.09985200956
Surplus= 22001.7290381187
InfSP_costs = [2480.82937043775, 6027.48797826386, 4645.98020555354, 21219.0081659563, 1393.50860422976]
InfSP_total_cost = 35766.8143244412
Total_Profit = 87209.0343118296
Strategic_Provider = 5
Individual_Profit_VCG = [8096.75191191567, 7164.89440562698, 88.1360629179253, 59599.8662075531, 12259.3857238160]
Final_InfSP_payments = []
Individual_Profits_after_surplus_distribution = []
Topology= [(1, 1), (1, 2), (1, 5), (2, 1), (2, 2), (2, 4), (3, 2), (4, 1), (4, 2), (4, 3), (4, 5), (5, 1), (5, 4)]


--- New experiment --
Providers = 5
Topology = 15
Locations = 5
Requests = 50
Utilization = 0.52
VCG_payments = [42176.6628968003, 96.6248685196188, 31296.1826353150, 5461.79202330772, 10975.4784940015]
VCG_payments_total = 90006.7409179441
VSP_payments = [1543.9997370140825, 2214.852270765474, 5193.963356824794, 2951.3848135532303, 4484.602455307471, 5253.745572818531, 6397.466784420569, 2961.883366070897, 6278.751002612054, 3698.9169541286847, 2042.6528884827096, 5379.196924496443, 6349.131528892035, 3931.895979336242, 5569.3176159078275, 4426.518850907003, 4074.9111383518944, 2512.0640350125536, 2795.2776488351005, 6669.4716012312765, 3025.384953803105, 4777.182956587351, 3616.7122730594333, 2329.723144812745, 4102.674325907203, 3354.4954671173145, 2657.293578141926, 8655.060597921549, 4025.1213024061954, 3679.634859581655, 5071.804981660896, 5035.817703893893, 3430.3955089489386, 5460.767177575678, 2997.5864316603506, 6236.149110751652, 1829.1776437937428, 3129.048679803053, 2497.8270729531587, 3750.724742820588, 3178.891056422132, 4469.8465790373075, 6765.563101940577, 5531.697747057788, 3873.1284725774253, 3955.762396462656, 5847.995866719513, 2732.570257267722, 2834.9145758676646, 2054.0258123568415]
VSP_payments_total = 205636.982903879
Surplus= 24980.4033460597
InfSP_costs = [3072.49347652362, 77.3467745654951, 14265.7233757944, 5218.05350639491, 8070.97925510563]
InfSP_total_cost = 30704.5963883840
Total_Profit = 59302.1445295601
Strategic_Provider = 3
Individual_Profit_VCG = [39104.1694202767, 19.2780939541236, 17030.4592595206, 243.738516912807, 2904.49923889591]
Final_InfSP_payments = []
Individual_Profits_after_surplus_distribution = []
Topology= [(1, 1), (1, 2), (1, 3), (1, 5), (2, 4), (2, 5), (3, 2), (3, 3), (3, 4), (4, 5), (5, 3), (5, 4), (5, 5)]


--- New experiment --
Providers = 5
Topology = 16
Locations = 5
Requests = 50
Utilization = 0.76
VCG_payments = [15281.4282611862, 94571.3394197425, 119.971861434547, 11765.9703776112, 17384.3209416582]
VCG_payments_total = 139123.030861633
VSP_payments = [2449.9820671686643, 2600.7051340958947, 5935.538978115267, 3977.3443952262683, 4827.110456640468, 3434.658191102126, 1107.4119365566546, 7360.785409907532, 5359.575082183746, 3481.9614847232237, 4332.133696535696, 2185.4526092620163, 5039.015693161908, 4058.2969375531106, 3048.621023510966, 3101.4622672127007, 3402.9507120155604, 2353.4006200566832, 2484.1531159712868, 5377.192042988058, 3523.110532067355, 3410.480380770728, 4772.789758787384, 2435.2132631786344, 2927.4928170447806, 3760.854362317219, 2384.5685187545932, 3961.9216044773602, 3962.6351310967575, 3792.005382560305, 7605.961894030089, 3696.835966661014, 1296.9160611189466, 6763.238382295187, 3280.075394337248, 3725.535130623842, 3137.441712530148, 2554.666728310395, 1565.3110281111244, 5355.167653397808, 3427.9109435395376, 3368.571050530081, 3474.7800957768195, 1505.8213333937608, 3668.307540909622, 5131.019202205921, 5278.406063682207, 3468.161050609035, 6060.565368669876, 3533.9549811319116]
VSP_payments_total = 188747.47118690753
Surplus= 12504.2618382247
InfSP_costs = [8400.24349226392, 22599.6544623588, 73.3532935724273, 7100.12215835493, 6606.26559443847]
InfSP_total_cost = 44779.6390009885
Total_Profit = 94343.3918606440
Strategic_Provider = 2
Individual_Profit_VCG = [6881.18476892223, 71971.6849573838, 46.6185678621202, 4665.84821925623, 10778.0553472197]
Final_InfSP_payments = []
Individual_Profits_after_surplus_distribution = []
Topology= [(1, 1), (2, 1), (2, 2), (2, 3), (2, 5), (3, 4), (4, 4), (5, 1), (5, 5)]


--- New experiment --
Providers = 5
Topology = 17
Locations = 5
Requests = 50
Utilization = 0.86
VCG_payments = [29569.7785241063, 5824.21289828717, 80681.6341405264, 350.974840317867, 25328.9820121477]
VCG_payments_total = 141755.582415386
VSP_payments = [4115.531235878102, 3333.0922081946233, 2446.4566230435394, 2297.9676773368687, 3842.3959079917763, 3250.052085548861, 2303.7424341590804, 3245.788282510555, 3781.85256554915, 4702.45686559978, 2476.34069814226, 1550.3419396023648, 3307.706806141967, 2149.6358352879956, 4719.44331447614, 2948.9039312156547, 2662.2463599034472, 3252.6038079950667, 5692.319366390425, 2774.20278177306, 2749.73555827324, 9281.736794083572, 1984.2555056745725, 4266.242170847348, 3771.2694521860867, 2674.1235725160036, 2196.500459749146, 5314.766772824381, 6241.46631043479, 1680.3074000492838, 5606.989748191647, 4924.869109589218, 2593.417938846369, 2500.277660330746, 2813.529505742665, 4746.4644939418, 4280.525025304413, 5578.4948753845765, 2900.457252483377, 4567.498439584294, 1936.3081725372888, 1976.607545941879, 1795.205545955034, 6409.782832579513, 4889.958648205207, 2259.590598309249, 2917.0299757628763, 4631.7319934655725, 3626.2257365929972, 2342.325475487587]
VSP_payments_total = 178310.77529761544
Surplus= 19823.3248252055
InfSP_costs = [8734.18898656396, 5511.91101884080, 21660.4147259614, 315.797291852845, 10259.7006587853]
InfSP_total_cost = 46482.0126820044
Total_Profit = 95273.5697333811
Strategic_Provider = 4
Individual_Profit_VCG = [20835.5895375424, 312.301879446368, 59021.2194145650, 35.1775484650224, 15069.2813533624]
Final_InfSP_payments = []
Individual_Profits_after_surplus_distribution = []
Topology= [(1, 1), (1, 3), (1, 5), (2, 3), (3, 2), (3, 3), (3, 4), (3, 5), (4, 5), (5, 1), (5, 4), (5, 5)]


--- New experiment --
Providers = 5
Topology = 18
Locations = 5
Requests = 50
Utilization = 0.84
VCG_payments = [35794.1849500069, 24909.9783808770, 41510.7920720366, 36.2534365242755, 36718.5907620714]
VCG_payments_total = 138969.799601516
VSP_payments = [2756.6430408659207, 2023.3492788287606, 4602.436131450821, 3077.440625323214, 4224.179690694397, 2989.076509434131, 3163.8587078561036, 1467.8460663861779, 2610.18958040106, 4479.243363612017, 6900.824171305833, 1999.4176564431339, 3716.4385716945103, 3551.09419637867, 5941.658906609656, 2996.506933785472, 3775.126193792659, 4570.216238033499, 4566.864860734455, 5203.112264086565, 3177.0474043062227, 4407.879164400188, 1974.5686776250757, 3810.2069314647633, 9173.481861440994, 3091.4301877311423, 5402.274324811033, 3068.769532819125, 2294.7444155378907, 2862.5064434431906, 5926.658976863811, 4332.476494909164, 4242.3522355124305, 3316.4285147364444, 6130.139676214857, 4979.216099997654, 4642.012457426287, 3142.69172088829, 3618.2510357297915, 4040.334265770377, 2786.8225816103068, 6717.070291083505, 5456.025568172114, 5194.074590645808, 2597.9036921215047, 1970.6644957408175, 1361.0378069342169, 2058.649174054479, 6048.879577821841, 3045.3262914494226]
VSP_payments_total = 195485.4474789798
Surplus= 36961.6492351889
InfSP_costs = [12704.3633659701, 4295.50477225462, 10996.8251641086, 22.5993310410229, 12788.5489884060]
InfSP_total_cost = 40807.8416217803
Total_Profit = 98161.9579797358
Strategic_Provider = 5
Individual_Profit_VCG = [23089.8215840368, 20614.4736086224, 30513.9669079280, 13.6541054832525, 23930.0417736653]
Final_InfSP_payments = []
Individual_Profits_after_surplus_distribution = []
Topology= [(1, 1), (1, 2), (1, 4), (1, 5), (2, 1), (2, 2), (2, 3), (2, 5), (3, 1), (3, 4), (3, 5), (4, 5), (5, 2), (5, 3)]


--- New experiment --
Providers = 5
Topology = 19
Locations = 5
Requests = 50
Utilization = 0.7
VCG_payments = [2909.89785965646, 37782.1699700814, 17279.8833027592, 45163.7268110455, 59904.5088749643]
VCG_payments_total = 163040.186818507
VSP_payments = [2664.86913080315, 2108.22949663566, 2366.0922859367197, 3284.41517427176, 3371.066133577916, 2334.706632198069, 3782.4724956953837, 3175.711010383558, 6657.163301902928, 1671.0618362860082, 5685.881610964617, 3289.7871356817195, 5672.951144978056, 3754.7291672501065, 3775.7725668902253, 5371.516969722719, 2890.2382095339917, 2218.725098684507, 6709.109612750718, 2871.0976798993497, 3448.4452698658965, 3448.7254522324497, 5214.563345047622, 1988.5939099150614, 1808.1105051221568, 6314.2069092849015, 5785.233932573426, 3209.41992530864, 2137.0636322725622, 3804.7601473638615, 4937.776023505253, 7601.143255989284, 2934.1587796697113, 1668.3890123302185, 1726.301822518164, 3966.1624773094613, 1908.5811800483718, 3242.2444199771394, 3644.65476864658, 2504.4848186526306, 3438.181651614832, 5031.8686743567505, 406.96907901743606, 6981.81059314329, 2851.6563229148733, 2795.176139903725, 6687.613818913154, 8173.341778833868, 5076.0256006540285, 6181.644130885527]
VSP_payments_total = 192572.90407191796
Surplus= -13572.2597676525
InfSP_costs = [926.392293585439, 5713.49176199929, 44.4880439101034, 6427.46494695062, 23645.9491663076]
InfSP_total_cost = 36757.7862127530
Total_Profit = 126282.400605754
Strategic_Provider = 3
Individual_Profit_VCG = [1983.50556607102, 32068.6782080822, 17235.3952588491, 38736.2618640949, 36258.5597086568]
Final_InfSP_payments = []
Individual_Profits_after_surplus_distribution = []
Topology= [(1, 4), (2, 1), (2, 2), (3, 3), (3, 4), (4, 5), (5, 1), (5, 2), (5, 3), (5, 4)]


--- New experiment --
Providers = 5
Topology = 20
Locations = 5
Requests = 50
Utilization = 0.72
VCG_payments = [19332.7431900895, 1182.43848728223, 60084.3105517344, 102.629758043549, 39393.0735679429]
VCG_payments_total = 120095.195555093
VSP_payments = [3088.9727030042104, 7470.045715501753, 2356.4603991052177, 2265.1055904459167, 3424.4665942330453, 3031.1835914531907, 5789.081065422885, 2843.855943522353, 3168.630684486741, 2643.9054351386785, 6144.816472295978, 5085.36332402906, 4311.30245275862, 3754.5029978674625, 3258.110725467122, 3129.7068439160576, 2686.937508545255, 2945.2937138428797, 3089.5536707708256, 3414.6469205721864, 7442.43396252164, 4384.9701178909645, 3569.157471037556, 2396.3749955960793, 5198.785652949927, 2780.224591245323, 2359.9909506214613, 5011.770812800394, 2484.681758151876, 3331.7663061502026, 3879.658479488657, 4740.12354070754, 1889.0496141643787, 1591.1312602431606, 705.3708881936174, 7796.8810823902895, 4438.481282944227, 4261.814644693243, 3050.9730913037583, 3352.484331954544, 4165.250195469636, 6244.046515420059, 5702.067710078311, 3988.3215233426467, 2581.7585960853926, 2937.4861721467273, 3951.4764662519224, 2969.3523999431504, 1878.6835339257323, 3182.1411131577174]
VSP_payments_total = 186168.65141324955
Surplus= 29334.0057722024
InfSP_costs = [12870.0573754307, 282.409543487558, 15686.5650303025, 65.0521289004506, 9850.00145977589]
InfSP_total_cost = 38754.0855378971
Total_Profit = 81341.1100171955
Strategic_Provider = 3
Individual_Profit_VCG = [6462.68581465872, 900.028943794669, 44397.7455214319, 37.5776291430988, 29543.0721081671]
Final_InfSP_payments = []
Individual_Profits_after_surplus_distribution = []
Topology= [(1, 1), (1, 3), (2, 1), (3, 2), (3, 3), (3, 4), (3, 5), (4, 3), (5, 2), (5, 4), (5, 5)]


--- New experiment --
Providers = 5
Topology = 21
Locations = 5
Requests = 50
Utilization = 0.86
VCG_payments = [27109.0583568547, 52686.3440488960, 40736.4153133343, 21174.3341280769, 0]
VCG_payments_total = 141706.151847162
VSP_payments = [4210.51962949925, 5709.629989918933, 3046.847303694907, 2788.664039586953, 3066.468897057322, 4631.709739643786, 2198.616648566607, 2957.7527746616292, 2604.855597356921, 2451.7282354808044, 4176.393100099272, 4452.954841091874, 5715.844414500934, 4187.385151867546, 2378.5545761238745, 4537.064176165394, 2155.776640859162, 5600.357871482149, 4060.3838550299624, 7015.551515640593, 3021.516028834423, 1681.83205061922, 3028.6935021144927, 4679.686485388495, 3019.014363555972, 4197.221711051195, 4208.043768651207, 3646.5257184784396, 3779.1337353865497, 6358.214848496957, 3205.5125370782976, 4926.5534250800965, 6271.480360079387, 5151.063721642441, 4669.388010872034, 6792.944360641564, 3632.2595248505895, 3660.4561198252595, 2148.79823278759, 3038.0662778129777, 3674.1564145533857, 4404.657691128866, 2456.8102346186847, 2662.221779866229, 4962.74389753133, 2479.8758288635904, 5742.776550555375, 5301.765401666066, 4326.083949963673, 3376.1007641125198]
VSP_payments_total = 198450.6562944347
Surplus= 35714.6962945827
InfSP_costs = [5304.50061333447, 16551.9430785048, 18684.0632200668, 3904.13224127356, 0]
InfSP_total_cost = 44444.6391531796
Total_Profit = 97261.5126939823
Strategic_Provider = 3
Individual_Profit_VCG = [21804.5577435202, 36134.4009703912, 22052.3520932675, 17270.2018868033, 0]
Final_InfSP_payments = []
Individual_Profits_after_surplus_distribution = []
Topology= [(1, 1), (1, 2), (1, 5), (2, 1), (2, 2), (2, 3), (2, 5), (3, 1), (3, 3), (3, 4), (3, 5), (4, 1), (4, 3), (4, 4), (4, 5), (5, 5)]


--- New experiment --
Providers = 5
Topology = 22
Locations = 5
Requests = 50
Utilization = 0.76
VCG_payments = [31875.2323187730, 32333.7580194720, 58996.3059728409, 36057.6985610638, 9086.26921473525]
VCG_payments_total = 168349.264086885
VSP_payments = [6155.781750271181, 3133.3632137580676, 4613.0913607293805, 3127.850481813928, 2381.3213226954113, 3048.6827438469422, 5362.376340376927, 3613.5571270646474, 6282.692351123345, 2825.569142085315, 2870.1000349973438, 3077.343344022263, 3797.3590582398765, 4968.238592948388, 6874.700490795676, 4323.282982900653, 4485.109323767477, 5143.0686156525135, 6199.228711956709, 2165.492211214461, 2667.936061447998, 5905.8278229141115, 1980.7500594099884, 2672.5194330154263, 3922.538950917892, 4419.149241746664, 2627.099371826493, 6474.888423402271, 3851.676454209234, 4617.193501760917, 1321.7048786289747, 3512.084491815363, 3713.9174274137927, 5163.191151974136, 6079.193018123693, 1922.270282391506, 3633.3528746207594, 3087.643906760412, 2866.7010405949673, 3641.1747264735563, 4723.92019636543, 2301.1127715048274, 3750.3240766457798, 4911.4489849017655, 3957.965499850785, 3344.851739786603, 5777.305525881178, 4996.739000701009, 2397.801802847588, 5889.55288110705]
VSP_payments_total = 200580.0447993006
Surplus= -2298.57448390027
InfSP_costs = [4414.78058783222, 14200.1742607955, 14163.1320118097, 6414.79634346144, 57.8164849505611]
InfSP_total_cost = 39250.6996888495
Total_Profit = 129098.564398036
Strategic_Provider = 2
Individual_Profit_VCG = [27460.4517309408, 18133.5837586765, 44833.1739610312, 29642.9022176024, 9028.45272978469]
Final_InfSP_payments = []
Individual_Profits_after_surplus_distribution = []
Topology= [(1, 2), (1, 4), (2, 1), (2, 2), (2, 3), (3, 3), (3, 5), (4, 1), (4, 3), (4, 4), (5, 2)]


--- New experiment --
Providers = 5
Topology = 23
Locations = 5
Requests = 50
Utilization = 0.64
VCG_payments = [68103.8744964583, 18009.2016229045, 6561.69664959746, 16863.9108547389, 6752.58162524043]
VCG_payments_total = 116291.265248940
VSP_payments = [3135.1721618918864, 2964.20130143519, 3306.4792631902183, 2504.7385761591045, 3430.722127970052, 7130.780842654711, 5130.934318119564, 4870.124203542895, 5532.3171911903955, 5352.062420802529, 2373.254152038934, 2967.601522794898, 3639.966597041181, 2561.819630893807, 1616.5716576907544, 1275.9870919363907, 4509.787350336483, 4440.721353918154, 3025.5506867360436, 7618.4309568922245, 1829.9620780675823, 4224.349486524692, 6419.187463849476, 4564.565733740228, 3587.908207276115, 2938.418717998769, 7133.542883731061, 3014.46628511834, 5628.979566464678, 3535.403968322272, 2621.067018814639, 6195.995995970377, 7236.793249229356, 1614.3565482560418, 4476.273009347255, 790.2199914102247, 4833.717796277646, 2483.855585093058, 1862.5140751649183, 3852.733440493492, 4846.756850873582, 2801.088116785371, 1807.8421574075373, 6597.274071882404, 1904.9606390129609, 2576.9259816815206, 5023.845667352352, 960.9747843244792, 4157.527482786673, 4237.914033014153]
VSP_payments_total = 191146.6442935066
Surplus= 19913.5787660182
InfSP_costs = [17694.2405021828, 3470.71421360330, 6091.50545742718, 9245.19791816269, 79.1659614178179]
InfSP_total_cost = 36580.8240527938
Total_Profit = 79710.4411961459
Strategic_Provider = 5
Individual_Profit_VCG = [50409.6339942756, 14538.4874093012, 470.191192170288, 7618.71293657626, 6673.41566382261]
Final_InfSP_payments = []
Individual_Profits_after_surplus_distribution = []
Topology= [(1, 1), (1, 2), (1, 3), (2, 3), (2, 4), (3, 1), (3, 5), (4, 1), (4, 4), (4, 5), (5, 3)]


--- New experiment --
Providers = 5
Topology = 24
Locations = 5
Requests = 50
Utilization = 0.86
VCG_payments = [12629.7326143965, 15607.8759027630, 108.095692616640, 43979.2508093292, 35813.3658383612]
VCG_payments_total = 108138.320857467
VSP_payments = [2972.6277010105805, 2617.483260875461, 2506.0434307852315, 1746.9275447340199, 6654.151634549305, 2682.2203399383475, 2786.951158425916, 4596.608536926285, 4149.3810034826565, 1939.6361346675103, 3428.2830318009915, 2604.0151980663086, 2853.748196486692, 5798.922180595529, 4215.2845426503, 3623.1925969056538, 1526.8398512115027, 3215.9165938427896, 4208.488175173831, 4506.215433603212, 2892.881046469738, 3299.735167943723, 3133.1498472403055, 2258.302383045927, 2385.155915192087, 2323.574077033217, 3774.422299794711, 2207.422864701688, 3024.7547361939214, 5442.238413693592, 3658.623032105571, 3091.413819851468, 4483.805397849938, 3600.5200713198374, 4710.130545679479, 2167.2914387481133, 6282.379878232007, 3782.647040140989, 6289.7988886841, 4436.413996853153, 2948.5549925993755, 6821.8065714737595, 2981.02518838612, 7065.593969991366, 2087.7144711924175, 2581.1769018044865, 3819.1775255001057, 4087.6676343773734, 2842.0455759448837, 4563.141702132747]
VSP_payments_total = 181675.50193990834
Surplus= 57178.5836616016
InfSP_costs = [11178.8814196272, 13838.8079782174, 69.2942487426460, 11826.3645597203, 6575.17749487018]
InfSP_total_cost = 43488.5257011777
Total_Profit = 64649.7951562888
Strategic_Provider = 2
Individual_Profit_VCG = [1450.85119476929, 1769.06792454561, 38.8014438739940, 32152.8862496089, 29238.1883434910]
Final_InfSP_payments = []
Individual_Profits_after_surplus_distribution = []
Topology= [(1, 3), (1, 4), (2, 3), (2, 4), (2, 5), (3, 4), (4, 1), (4, 2), (4, 4), (5, 1), (5, 2), (5, 3), (5, 5)]


--- New experiment --
Providers = 5
Topology = 25
Locations = 5
Requests = 50
Utilization = 0.88
VCG_payments = [39472.3669964713, 24844.9434318751, 56900.3839642519, 9151.44642854485, 25200.7395514300]
VCG_payments_total = 155569.880372573
VSP_payments = [3471.887834965573, 3073.0268191837, 3210.7253606515656, 4719.4094488692135, 2837.464075381165, 1794.4990349578634, 4759.797799237001, 3739.510811615978, 4704.562063673959, 2522.6546965064667, 3604.533896828344, 9626.468260086456, 4966.381423142164, 3680.9980764679644, 1806.413775018853, 3517.758379491294, 2891.5182575470926, 4230.038630534934, 3367.736689440067, 3320.550373285888, 4014.415934376032, 5618.18421908331, 4936.602961232585, 4094.604425456246, 3610.2420944851224, 4179.696906563967, 4437.553144157441, 4403.609966017689, 4570.859225056414, 3805.06887507586, 7235.198105489462, 4372.240801690283, 6658.638137739281, 3678.4670639359965, 3872.2116799687815, 2284.77773782471, 2061.0528851755603, 4009.156295697143, 4351.021269478, 2345.98581723417, 3756.5785850135067, 7516.91690885615, 2251.1548843929195, 3495.6808925045493, 3505.3619380612136, 4694.904872994971, 2169.395380617833, 4210.821619032461, 3649.62682752873, 3461.4535655178915]
VSP_payments_total = 199097.41872714384
Surplus= 28362.1808973020
InfSP_costs = [11011.3944680600, 3107.31149453874, 16805.0214669986, 5773.93174449129, 10944.2149340698]
InfSP_total_cost = 47641.8741081584
Total_Profit = 107928.006264415
Strategic_Provider = 2
Individual_Profit_VCG = [28460.9725284113, 21737.6319373364, 40095.3624972533, 3377.51468405356, 14256.5246173602]
Final_InfSP_payments = []
Individual_Profits_after_surplus_distribution = []
Topology= [(1, 2), (1, 3), (2, 1), (2, 4), (2, 5), (3, 2), (3, 3), (3, 4), (4, 1), (5, 1), (5, 3), (5, 5)]


--- New experiment --
Providers = 5
Topology = 26
Locations = 5
Requests = 50
Utilization = 0.72
VCG_payments = [13242.4801245099, 24432.3107523484, 4059.23690882942, 10004.6159278425, 36850.4893400204]
VCG_payments_total = 88589.1330535506
VSP_payments = [1617.4580391526347, 5473.256600934082, 2141.703958408143, 6305.825677519161, 3871.7406312649105, 3171.465779124758, 8962.197558644111, 3186.7675219293837, 7145.592802035701, 2069.575379437588, 1989.2349587537353, 3988.673055920872, 2632.8274788395447, 3083.125089111155, 3703.5703365327304, 1770.147177768825, 4715.542752820267, 3436.881008119074, 4582.740390104161, 3457.0482869923644, 3411.9523236269542, 4200.6144490485, 3587.8852332371994, 3504.7015026756944, 1993.9175871550472, 4517.065699909863, 5492.358657604317, 2964.3390425894877, 3040.989126689562, 3819.8209966249337, 4675.610205939813, 6925.890524174807, 4050.186291347275, 2861.7234771442627, 2756.3853486302323, 688.1120208193231, 4610.2843346370055, 3970.1575658624292, 4148.661480001773, 3837.8553147940543, 2769.725221958101, 3023.1167737197898, 5983.055297416915, 3372.1490466087275, 2434.9597185318125, 5280.037959679564, 3846.5350822905225, 2167.9434646200175, 2942.5427872887053, 3353.460160695266]
VSP_payments_total = 187537.41117873517
Surplus= 50017.3386346559
InfSP_costs = [12676.1896260412, 8543.79392848613, 3028.62748900214, 2016.49220713872, 7418.84689223811]
InfSP_total_cost = 33683.9501429063
Total_Profit = 54905.1829106443
Strategic_Provider = 1
Individual_Profit_VCG = [566.290498468699, 15888.5168238622, 1030.60941982728, 7988.12372070376, 29431.6424477823]
Final_InfSP_payments = []
Individual_Profits_after_surplus_distribution = []
Topology= [(1, 1), (1, 4), (2, 3), (2, 4), (3, 4), (4, 1), (4, 5), (5, 2), (5, 3), (5, 5)]


--- New experiment --
Providers = 5
Topology = 27
Locations = 5
Requests = 50
Utilization = 0.84
VCG_payments = [13475.5088063444, 136.505860125318, 75328.6119497863, 9561.06548322932, 4025.09440759177]
VCG_payments_total = 102526.786507077
VSP_payments = [8110.706617120365, 5890.738064700339, 2798.9795082732926, 4615.779006401214, 4257.749504004797, 2835.469253976064, 4419.231017088255, 2813.0393487900574, 2625.4377073290557, 3582.199513243669, 2949.0952697703947, 4397.294062468281, 893.7366549203655, 3297.9724586209577, 2012.1771671403685, 2269.931494392956, 1986.4507757547492, 3180.5785614354972, 4867.524152832003, 2836.0963475830267, 3498.2291212146574, 2663.381323730426, 2279.1918009856286, 2816.269249802011, 3739.1579736804115, 5158.605859842494, 4174.041489932986, 3913.072305595585, 4513.359682062549, 5032.520919928327, 2837.0796167953563, 3100.8619596773538, 5507.083918529555, 6274.353520708492, 4407.260069479111, 2052.2388910257628, 2985.600339561393, 2920.1764110358768, 2744.274900319715, 6379.32370419546, 5643.548789483537, 3641.55355189712, 3044.751900161415, 2452.1389826457394, 2846.551005309542, 4292.182786859844, 3820.2257059929034, 3477.7082834423795, 5656.444509233227, 3682.5451574449735]
VSP_payments_total = 186193.92021641953
Surplus= 63193.1817079032
InfSP_costs = [13475.5088063444, 136.505860125318, 19659.1380874925, 9561.06548322932, 4025.09440759177]
InfSP_total_cost = 46857.3126447833
Total_Profit = 55669.4738622938
Strategic_Provider = 2
Individual_Profit_VCG = [0, 0, 55669.4738622938, 0, 0]
Final_InfSP_payments = []
Individual_Profits_after_surplus_distribution = []
Topology= [(1, 1), (1, 2), (1, 3), (1, 5), (2, 2), (2, 3), (2, 5), (3, 4), (3, 5), (4, 1), (4, 3), (4, 5), (5, 2), (5, 5)]


--- New experiment --
Providers = 5
Topology = 28
Locations = 5
Requests = 50
Utilization = 0.96
VCG_payments = [16438.6588286100, 1607.11056429291, 8169.07378173845, 9651.75208216363, 10678.4133042056]
VCG_payments_total = 46545.0085610105
VSP_payments = [4196.948832686492, 4055.754646764563, 4317.794318904745, 3381.884699273193, 2881.0997531349567, 2923.5147132945776, 3292.1783280189975, 7252.883690602718, 3833.252716020951, 4972.377315459891, 2401.053168484874, 3336.53721065352, 2209.127058075612, 608.8818422434019, 2840.1424852357277, 2762.5004676072404, 4177.1409544163425, 2993.7624753845344, 2874.9168020499405, 7444.667474068722, 2518.119185483096, 4527.645611376991, 4215.5460455197135, 5023.0245192281545, 5150.137685718584, 6404.367958691027, 2549.717977265846, 4022.906063780359, 3209.087227598889, 3010.9705840601837, 5339.325291497522, 5827.906065944819, 3410.9409440919967, 4775.978654663767, 1719.5077803577212, 3044.4587298278525, 2823.9426366521043, 2796.7156135399273, 2038.9177487346599, 3466.302442627107, 4208.583108265268, 2013.6238281166904, 1686.4793389170197, 6379.784640551212, 7918.8632113129215, 364.0857386786953, 3036.859499094759, 2228.994782913443, 2146.6022352325845, 4349.868519520085]
VSP_payments_total = 182965.68262164402
Surplus= 135447.706479711
InfSP_costs = [16438.6588286100, 1607.11056429291, 8169.07378173845, 9651.75208216363, 10678.4133042056]
InfSP_total_cost = 46545.0085610105
Total_Profit = 0
Strategic_Provider = 5
Individual_Profit_VCG = [0, 0, 0, 0, 0]
Final_InfSP_payments = []
Individual_Profits_after_surplus_distribution = []
Topology= [(1, 2), (1, 3), (1, 5), (2, 2), (2, 3), (3, 1), (3, 4), (4, 2), (4, 4), (4, 5), (5, 1), (5, 2), (5, 3), (5, 4)]


--- New experiment --
Providers = 5
Topology = 29
Locations = 5
Requests = 50
Utilization = 0.74
VCG_payments = [1.91023230287828, 50289.8023044943, 18047.8105744808, 4271.33389456265, 27167.6695307194]
VCG_payments_total = 99778.5265365601
VSP_payments = [1131.68689489435, 3773.448079500874, 3506.3960001682563, 3570.9549101730045, 3152.4865571589244, 3633.3765576310775, 2950.85344453689, 3014.3862232699976, 2575.532998402959, 2731.867225720737, 1911.5669720399508, 5383.0692698180765, 2552.807772672854, 5939.295535119482, 4429.673542176645, 3197.469982231492, 3063.091885922384, 5074.53286063286, 3738.048863143235, 3182.0616510685763, 3542.1920104628475, 4510.117177320833, 2139.4694031120534, 3691.4392713012353, 2741.1079062805625, 5524.8913304785765, 4970.251713004926, 5128.7784943349, 5420.981724063347, 2869.244103941165, 3571.6910774611893, 3549.3091485358364, 2693.456997181827, 2352.3994066045966, 2637.1480104661514, 3178.681576635284, 5665.563317573382, 7093.51917483624, 2692.8092511722384, 1737.0758062388686, 3382.5924377216916, 7602.715837239863, 3170.223966725628, 5497.441048407535, 4660.9677532075175, 4083.66908556315, 3587.294393768317, 2230.8878446302247, 3979.25470933401, 5810.2970906394075]
VSP_payments_total = 188228.07829452606
Surplus= 50126.8783576450
InfSP_costs = [1.23138820542848, 12070.0406825013, 13509.6673173233, 2993.96588967589, 6140.58692186827]
InfSP_total_cost = 34715.4921995742
Total_Profit = 65063.0343369858
Strategic_Provider = 5
Individual_Profit_VCG = [0.678844097449803, 38219.7616219930, 4538.14325715747, 1277.36800488676, 21027.0826088511]
Final_InfSP_payments = []
Individual_Profits_after_surplus_distribution = []
Topology= [(1, 1), (2, 1), (2, 3), (2, 4), (2, 5), (3, 1), (3, 2), (3, 4), (4, 1), (4, 2), (5, 1), (5, 2), (5, 4), (5, 5)]


--- New experiment --
Providers = 5
Topology = 30
Locations = 5
Requests = 50
Utilization = 0.58
VCG_payments = [91799.6443472474, 968.666041942983, 1887.69721036692, 128.123252744015, 14435.9672948885]
VCG_payments_total = 109220.098147190
VSP_payments = [4936.415694780972, 3709.4942936018338, 3940.191946721974, 2636.3224737952905, 1775.1744719143524, 3986.752550330177, 1862.7674392122108, 4720.669419426979, 3947.1211298980184, 2733.1526419200886, 5312.847688494948, 4150.494234260741, 7493.2089637448325, 5608.692005683547, 3943.087803130886, 3504.04754955736, 1663.7812138267022, 3331.974790062673, 5506.3973004338995, 1922.8620132121594, 2638.062112237837, 2488.7999968829986, 3423.703485655516, 3685.345994187094, 1052.493507799659, 1159.3485805641483, 3428.6860758655785, 2145.557060620447, 693.496581560522, 4537.283964660263, 2524.1496454546077, 3130.085467605368, 7441.841241878062, 3533.3242304250857, 7082.4258647977895, 2343.810106824762, 3017.6101338406606, 1660.3117898459545, 4584.310340578291, 3126.173008857743, 5991.586774390892, 5877.17276751219, 3993.418546354756, 2631.5684583314865, 2302.2458401532094, 4389.128672715256, 2986.813359393905, 2972.3961107788537, 3807.300573725997, 4174.286650218436]
VSP_payments_total = 179508.19256772703
Surplus= 12506.0267600913
InfSP_costs = [15012.2705118152, 699.232842294334, 1865.16608880470, 100.404240636992, 11594.8590012404]
InfSP_total_cost = 29271.9326847916
Total_Profit = 79948.1654623983
Strategic_Provider = 5
Individual_Profit_VCG = [76787.3738354322, 269.433199648648, 22.5311215622298, 27.7190121070236, 2841.10829364814]
Final_InfSP_payments = []
Individual_Profits_after_surplus_distribution = []
Topology= [(1, 2), (1, 3), (1, 4), (1, 5), (2, 1), (2, 3), (3, 1), (3, 3), (4, 2), (4, 3), (5, 1), (5, 3)]


--- New experiment --
Providers = 5
Topology = 31
Locations = 5
Requests = 50
Utilization = 0.58
VCG_payments = [41666.4008818241, 6686.64822183637, 59553.8213316839, 30250.3204528343, 178.621860519474]
VCG_payments_total = 138335.812748698
VSP_payments = [2284.7496533937415, 3198.6912270969306, 2485.2517636609405, 3994.8102592357473, 7972.430542503466, 3074.488537380844, 5194.212919230613, 4406.244003941641, 3046.81892198006, 3823.295708583951, 3633.742677748901, 1094.46883664492, 7760.146157133042, 2925.5058087808934, 6191.051300554972, 5031.593052389983, 3262.541009691567, 3253.536973719155, 2788.452347355393, 3850.4340535242036, 3119.5181080865837, 4368.355331858843, 3361.4747638474464, 1075.3368629105562, 4315.120676266124, 2633.155327812054, 2111.167198768594, 4501.000904422494, 5311.8232341457315, 5413.609044516665, 4617.42466101986, 2646.0623538962946, 3420.0769171647826, 2185.5265854085505, 6230.497781560808, 1671.9760250441318, 5381.639542188664, 3526.1573675816876, 2740.291029381705, 3107.696531535092, 2161.74138763104, 5735.4970273150275, 3844.1618900955987, 1928.4177968552463, 3791.133284341133, 2792.2857427237705, 5130.386093812715, 2541.6862824503114, 1738.3983633387847, 4783.270539300089]
VSP_payments_total = 185457.35440983134
Surplus= -12299.9631564428
InfSP_costs = [4735.60286383827, 6324.66659509885, 14624.2857234475, 6127.23675056703, 143.765842630011]
InfSP_total_cost = 31955.5577755817
Total_Profit = 106380.254973116
Strategic_Provider = 2
Individual_Profit_VCG = [36930.7980179858, 361.981626737513, 44929.5356082364, 24123.0837022672, 34.8560178894625]
Final_InfSP_payments = []
Individual_Profits_after_surplus_distribution = []
Topology= [(1, 1), (1, 3), (1, 5), (2, 3), (2, 5), (3, 2), (3, 3), (3, 4), (4, 4), (4, 5), (5, 3), (5, 5)]


--- New experiment --
Providers = 5
Topology = 32
Locations = 5
Requests = 50
Utilization = 0.64
VCG_payments = [5957.35602659055, 9175.87704402418, 48335.6944139453, 8211.63579436243, 32497.2316816080]
VCG_payments_total = 104177.794960530
VSP_payments = [3756.700267209847, 2543.57786855022, 2931.349406578813, 2018.599113669321, 4339.845428926126, 3548.651906043784, 2392.947759882736, 3866.522640836086, 2795.6026921267576, 6072.528705073503, 2233.1271447135664, 3873.551592215497, 5609.445880307507, 2877.297440737408, 2365.6931601846736, 3212.4052695369114, 4062.3225170735946, 7467.4987157410105, 3573.998568873566, 3384.3970062735407, 5485.732910699684, 3535.6095536745565, 3966.450550876301, 3307.2968005160305, 2295.3513375936263, 2604.1486565078244, 3346.081201932712, 3588.5559914431183, 3578.169501044643, 3772.924076311891, 4474.227301242073, 1276.5198736124207, 2089.871666648965, 2452.145387213334, 5817.073632766625, 5166.769068277598, 3269.496370919313, 2040.5510833795768, 2645.6486560715357, 3208.306798234591, 3628.2258884895023, 5167.38005617206, 3252.6533773135666, 3654.881850768801, 4246.047139279196, 4841.882828679426, 2915.830463164886, 1990.8956348988647, 4071.7464226552797, 6766.511026949161]
VSP_payments_total = 181383.04819189163
Surplus= 18436.0196591730
InfSP_costs = [5874.78617531068, 5571.73566656407, 6237.88796714244, 5387.75974115560, 9632.91762674406]
InfSP_total_cost = 32705.0871769169
Total_Profit = 71472.7077836136
Strategic_Provider = 5
Individual_Profit_VCG = [82.5698512798745, 3604.14137746011, 42097.8064468028, 2823.87605320683, 22864.3140548640]
Final_InfSP_payments = []
Individual_Profits_after_surplus_distribution = []
Topology= [(1, 2), (1, 3), (1, 4), (1, 5), (2, 2), (2, 5), (3, 1), (3, 4), (4, 2), (4, 4), (4, 5), (5, 3), (5, 4)]


--- New experiment --
Providers = 5
Topology = 33
Locations = 5
Requests = 50
Utilization = 0.98
VCG_payments = [27394.8791488737, 8939.04708936217, 2069.33462044709, 15261.1375160823, 19516.8142271522]
VCG_payments_total = 73181.2126019175
VSP_payments = [3133.969405994366, 3624.5418435636293, 4428.54079073072, 3456.9722234534715, 5208.273379080457, 2372.6473713203873, 1974.0862094028735, 3018.563145399081, 6004.193220513074, 732.3802861851998, 1518.5949752184285, 3079.8459706556855, 1680.649103326416, 3353.269161120736, 4813.3932889160205, 6866.598033596486, 3071.0885486629595, 1889.6190836661876, 3378.7415886386343, 4211.9140097800955, 3160.5987956468302, 3296.2145932432513, 3667.6573974374346, 4860.332378102996, 4456.808807608669, 2847.784106041533, 5384.51140432527, 3019.2417273511483, 5995.675370824353, 3502.7283386957074, 4943.276896192854, 3311.3005338435905, 3391.6838849905535, 3375.127362987232, 4772.08219458777, 6724.047101681315, 2150.3757924310644, 6393.004353140522, 3690.44987610143, 3734.4231517600533, 2949.6942516808854, 2436.495881914728, 5816.6293343507905, 2911.8535367487275, 2582.5714297332925, 2421.2083009148605, 3029.5572262811925, 2266.4515459343065, 2845.1048840397275, 5063.436611408438]
VSP_payments_total = 182818.20870922538
Surplus= 108904.615821123
InfSP_costs = [15315.0747425809, 7897.60277553818, 2031.01346892524, 13382.1457532099, 14056.0588852758]
InfSP_total_cost = 52681.8956255300
Total_Profit = 20499.3169763875
Strategic_Provider = 2
Individual_Profit_VCG = [12079.8044062928, 1041.44431382399, 38.3211515218456, 1878.99176287239, 5460.75534187645]
Final_InfSP_payments = []
Individual_Profits_after_surplus_distribution = []
Topology= [(1, 1), (1, 3), (1, 4), (1, 5), (2, 3), (2, 4), (2, 5), (3, 1), (3, 4), (4, 1), (4, 2), (4, 3), (5, 1), (5, 2), (5, 3), (5, 4)]


--- New experiment --
Providers = 5
Topology = 34
Locations = 5
Requests = 50
Utilization = 0.62
VCG_payments = [12399.1057312730, 131.738749466414, 33064.8033909442, 7490.23806284627, 26704.2430987400]
VCG_payments_total = 79790.1290332698
VSP_payments = [1675.9086342633102, 3454.301175896395, 4402.357549404955, 2322.0240379025295, 3047.5470435410652, 5425.609129016112, 4067.4634795587067, 5416.292696737698, 3877.0229667088206, 6002.087828313332, 6554.51184329758, 3434.7482061059477, 4398.946913301151, 4026.2744940646153, 3978.9452210248314, 5482.952561644783, 2279.58266225731, 4996.306765947251, 5293.564045584579, 5910.078765160477, 2368.8585812390124, 3920.535187021308, 2855.271829254767, 4632.835532257323, 1212.1236838587258, 5338.2541735809045, 2353.5654675790156, 2704.1445448118243, 3476.171277211236, 2896.838743557459, 3487.695138979637, 2535.644009160877, 2184.6888561298265, 6444.231626902633, 2829.559985695411, 5813.008448315254, 2612.0896558236227, 2605.083692201508, 4384.352964148049, 4099.248587786445, 4869.046628259895, 2681.323463112202, 2373.2739556194583, 5042.8538947392835, 3478.9368674889515, 4505.21836667426, 4596.65265441839, 4304.25229569715, 6833.317525494438, 7767.309762634224]
VSP_payments_total = 201252.91341938454
Surplus= 52896.1435626191
InfSP_costs = [5482.68046978292, 127.885520129284, 9268.27009375217, 7066.72803030144, 8616.33548274321]
InfSP_total_cost = 30561.8995967090
Total_Profit = 49228.2294365608
Strategic_Provider = 4
Individual_Profit_VCG = [6916.42526149006, 3.85322933713076, 23796.5332971920, 423.510032544830, 18087.9076159968]
Final_InfSP_payments = []
Individual_Profits_after_surplus_distribution = []
Topology= [(1, 1), (1, 2), (1, 4), (2, 1), (2, 3), (3, 1), (3, 3), (3, 5), (4, 3), (4, 4), (5, 1), (5, 2), (5, 4)]


--- New experiment --
Providers = 5
Topology = 35
Locations = 5
Requests = 50
Utilization = 0.88
VCG_payments = [8153.52594723806, 1003.68358763687, 13323.6436499269, 30769.7003983849, 32441.3805973589]
VCG_payments_total = 85691.9341805455
VSP_payments = [2658.9621417664057, 2868.311645481972, 5628.756684977978, 3219.8852519150823, 2823.764960293102, 2503.3010927487244, 8961.323048106822, 2541.6682604179778, 3657.5714938193637, 3194.1050879319723, 2989.740813586369, 6102.532888166495, 3159.285851570207, 3030.573801585482, 3649.483921419538, 1972.247951959473, 964.1761887017502, 1798.948009952811, 7094.973992781327, 1734.1245563970406, 3229.0888899050574, 2064.9468125764492, 2407.204067203003, 3696.090444267596, 3092.215154857142, 4429.596956305166, 3634.5619129458482, 5119.751525151977, 5084.4506131696735, 3507.2396049921804, 1618.4084292850966, 3069.940122667729, 2731.5473812776704, 1797.530535387783, 4438.075604595977, 2260.632242758582, 2837.3600861802483, 8563.234403102051, 2407.0776056286486, 2649.111297402063, 3726.612867881575, 2224.1453311584623, 2449.4547425649766, 1762.2516719317798, 5612.66000267297, 4166.212967061948, 2436.9737036934757, 2216.360391512194, 3019.895733319476, 3151.395265888409]
VSP_payments_total = 169957.7640109251
Surplus= 71866.8509022815
InfSP_costs = [8040.59155388059, 789.870344386366, 11394.0257079482, 15278.1277325577, 5273.58847158049]
InfSP_total_cost = 40776.2038103533
Total_Profit = 44915.7303701922
Strategic_Provider = 3
Individual_Profit_VCG = [112.934393357464, 213.813243250505, 1929.61794197870, 15491.5726658272, 27167.7921257784]
Final_InfSP_payments = []
Individual_Profits_after_surplus_distribution = []
Topology= [(1, 1), (1, 3), (2, 4), (3, 1), (3, 4), (3, 5), (4, 1), (4, 2), (4, 3), (4, 5), (5, 1), (5, 2), (5, 3), (5, 4)]


--- New experiment --
Providers = 5
Topology = 36
Locations = 5
Requests = 50
Utilization = 0.78
VCG_payments = [55902.5889454762, 26465.4222868008, 5722.21670061933, 4302.70566240212, 32674.4786044205]
VCG_payments_total = 125067.412199719
VSP_payments = [1633.6905364329389, 5579.381662699941, 2135.7865684299722, 3107.2685024733346, 1450.3205706446379, 5736.506714925954, 3524.7394671826037, 6282.862957724123, 2963.6809843541687, 4810.345255375573, 5290.196559062154, 3558.10088675923, 4968.094149248261, 3676.218518243196, 3045.8416449489196, 6989.967333506874, 2576.860423380596, 7424.821740920933, 2145.741602897984, 4516.069747063559, 3660.3611720615927, 4642.201547709453, 3745.003425382509, 4478.604794702184, 2322.645380054976, 3511.4992045578183, 4963.934059182697, 7525.115875714388, 3652.7641112129327, 2405.436122733394, 4135.866432737693, 4774.168033508848, 3354.2459625557176, 3290.7437217819374, 4256.5302297921635, 3131.0393127016814, 5414.087959665584, 3001.3904015345506, 4589.00588173329, 2330.210127718556, 4294.10854009693, 3932.0447551650827, 6002.6900260233815, 5503.437764260219, 3899.0559056594934, 3275.246031690294, 2918.6422040920584, 3187.1055915796146, 3990.7280009335846, 3286.053704078327]
VSP_payments_total = 200890.46210689592
Surplus= 42024.0216900496
InfSP_costs = [14280.8521778372, 8965.63422135252, 5406.79779086256, 1848.43874057644, 7874.46968890354]
InfSP_total_cost = 38376.1926195323
Total_Profit = 86691.2195801866
Strategic_Provider = 1
Individual_Profit_VCG = [41621.7367676389, 17499.7880654483, 315.418909756776, 2454.26692182568, 24800.0089155170]
Final_InfSP_payments = []
Individual_Profits_after_surplus_distribution = []
Topology= [(1, 2), (1, 4), (2, 1), (2, 4), (2, 5), (3, 1), (3, 3), (4, 1), (4, 3), (4, 5), (5, 1), (5, 2), (5, 3), (5, 5)]


--- New experiment --
Providers = 5
Topology = 37
Locations = 5
Requests = 50
Utilization = 0.6
VCG_payments = [43838.9319235892, 9665.35712934415, 1299.07491953867, 12641.8779442598, 38665.8357638944]
VCG_payments_total = 106111.077680626
VSP_payments = [3689.469620679123, 4000.440181755474, 2044.2225701643933, 3398.117464571598, 4948.563383931485, 1990.557011432087, 4428.820548540262, 5152.66728625195, 1999.783245407689, 6871.0634775783365, 3817.5217681437807, 2762.4018620774386, 5646.017345772246, 2200.262832272002, 3003.860711743782, 1937.7208911290109, 4122.777299613971, 3906.815137464358, 3856.5591406019753, 3179.8239220353016, 3837.675531849164, 4404.742989227431, 3991.751375224452, 3539.3405382030514, 2484.110812823477, 1156.5259370139067, 2906.1202752205895, 5310.283469212429, 4439.116360263574, 1725.587645985455, 9675.432188632183, 2851.821225049266, 1693.1060836409088, 4781.848455526918, 1814.8545094544386, 2409.1363222668197, 5792.335599788919, 2050.564508701781, 2636.1043220644324, 2776.8625250300797, 2868.9604465905154, 5411.4976280037645, 3286.8582443448468, 1503.6410913167488, 927.1449356100719, 3728.315842287701, 4029.5759799970897, 3491.204283036881, 4477.200520794139, 4343.703156621353]
VSP_payments_total = 177302.88850494864
Surplus= 8106.05301681391
InfSP_costs = [6024.72157238764, 8925.83600897088, 695.023454243334, 6133.16878413749, 7194.74278303775]
InfSP_total_cost = 28973.4926027771
Total_Profit = 77137.5850778492
Strategic_Provider = 4
Individual_Profit_VCG = [37814.2103512016, 739.521120373272, 604.051465295340, 6508.70916012233, 31471.0929808567]
Final_InfSP_payments = []
Individual_Profits_after_surplus_distribution = []
Topology= [(1, 1), (1, 5), (2, 2), (2, 5), (3, 4), (4, 2), (4, 4), (5, 3), (5, 5)]


--- New experiment --
Providers = 5
Topology = 38
Locations = 5
Requests = 50
Utilization = 0.72
VCG_payments = [8949.52799607556, 30940.2368443979, 26902.3078861538, 58329.5458734993, 6579.85370812641]
VCG_payments_total = 131701.472308253
VSP_payments = [4199.459676456756, 5828.10466273666, 3611.5766501962016, 3765.9116455670096, 3876.313001199232, 8038.796375689353, 2313.6809439311655, 2310.245600068473, 4104.231560645694, 1876.743342124655, 4775.408668508417, 3356.8853278819633, 5696.907632039778, 426.2397566122174, 6218.163281319993, 3290.6383321923477, 3722.3273159941045, 3708.60878006542, 570.4823266245753, 2681.613089647139, 4375.709179434745, 3595.3621486160487, 2708.486828663106, 6055.925175923308, 3865.109049952429, 2474.8605963903656, 5838.156262465074, 3804.43715651387, 2776.156178467893, 4222.369162784627, 4074.5685198129177, 2270.9813336339043, 4520.381191926717, 2842.207661873615, 3463.248035257721, 3840.8668146369682, 2482.9335776317066, 5559.399775376005, 2764.555755251992, 7692.504668575289, 4541.397821531627, 3270.4861885109917, 3087.786602133742, 3066.56771997414, 2705.533010190669, 4085.7156834739326, 4046.795127419075, 7052.520129780844, 8040.3852251654125, 4923.059081858579]
VSP_payments_total = 198420.8036327285
Surplus= 23235.9336689961
InfSP_costs = [8015.35097999041, 8961.49161061701, 14353.4807753598, 4332.67193522113, 3407.59365250604]
InfSP_total_cost = 39070.5889536944
Total_Profit = 92630.8833545586
Strategic_Provider = 3
Individual_Profit_VCG = [934.177016085147, 21978.7452337809, 12548.8271107940, 53996.8739382781, 3172.26005562037]
Final_InfSP_payments = []
Individual_Profits_after_surplus_distribution = []
Topology= [(1, 2), (1, 3), (2, 1), (2, 2), (2, 3), (3, 1), (3, 2), (3, 3), (3, 5), (4, 2), (4, 3), (4, 4), (5, 5)]


--- New experiment --
Providers = 5
Topology = 39
Locations = 5
Requests = 50
Utilization = 0.88
VCG_payments = [49120.9705737546, 32027.4825695667, 87893.4112575317, 14768.8814318425, 189.763985884289]
VCG_payments_total = 184000.509818580
VSP_payments = [5066.6464842747, 4090.9368503345627, 4337.0839102343625, 3546.401198577144, 2835.5252932931703, 4619.371772661912, 2115.5559396439253, 3902.8188051141465, 8710.097304862127, 2675.372784704725, 1744.723169567818, 3707.8447658915543, 6236.599451089699, 2609.8260577391366, 4740.981360245535, 2411.893337382198, 2609.561903591074, 6291.909702964496, 2573.0347580966695, 2380.293229551875, 3306.0199761799286, 1980.5842086213456, 4694.031645776612, 3849.649739516492, 4562.023261592152, 4890.896170809397, 2275.1959925777737, 5496.7167400488215, 2842.846826870153, 6302.4279074388705, 1914.992593749486, 5584.358230461611, 2619.387020426131, 4754.182583140956, 2503.584751751691, 4626.545080949738, 5433.3966294470065, 4913.013665568063, 5831.179125470895, 3709.1223486793383, 4856.143606912044, 4641.90395431433, 2525.933740372926, 7788.643541380721, 3877.5165361179447, 2391.426868745937, 3467.6090876853427, 5767.882687837966, 2002.7026686147797, 4883.45277271516]
VSP_payments_total = 201499.84804359445
Surplus= 2831.36456437505
InfSP_costs = [7888.36001827741, 9953.96134464244, 17258.2213778712, 11357.5843089215, 119.060574191564]
InfSP_total_cost = 46577.1876239041
Total_Profit = 137423.322194676
Strategic_Provider = 1
Individual_Profit_VCG = [41232.6105554772, 22073.5212249243, 70635.1898796605, 3411.29712292091, 70.7034116927246]
Final_InfSP_payments = []
Individual_Profits_after_surplus_distribution = []
Topology= [(1, 1), (1, 5), (2, 3), (2, 4), (3, 2), (3, 3), (3, 4), (4, 1), (4, 4), (5, 3), (5, 5)]


--- New experiment --
Providers = 5
Topology = 1
Locations = 5
Requests = 10
Utilization = 1.0
VCG_payments = [11286.1793196304, 67.9790561453810, 50.2661232040955, 0, 456.791369068866]
VCG_payments_total = 11861.2158680487
VSP_payments = [6459.1800690243845, 6514.6621502791995, 5177.246066248834, 2128.646370625608, 2779.9233933441874, 5627.313799669736, 2382.663329751998, 1013.005379163884, 2169.6796107895184, 2693.3611641420316]
VSP_payments_total = 36945.68133303938
Surplus= 25084.4654649906
InfSP_costs = [9077.44590964351, 67.4908944290669, 49.9843171976091, 0, 437.816814077017]
InfSP_total_cost = 9632.73793534720
Total_Profit = 2228.47793270154
Strategic_Provider = 5
Individual_Profit_VCG = [2208.73340998689, 0.488161716314096, 0.281806006486441, 0, 18.9745549918487]
Final_InfSP_payments = []
Individual_Profits_after_surplus_distribution = []
Topology= [(1, 1), (1, 2), (1, 3), (1, 4), (1, 5), (2, 1), (2, 2), (2, 3), (3, 5), (4, 1), (4, 5), (5, 1), (5, 2), (5, 4)]


--- New experiment --
Providers = 5
Topology = 1
Locations = 5
Requests = 20
Utilization = 1.0
VCG_payments = [23537.1152503036, 2834.30647947221, 75.3528400392242, 73.5774085945668, 9223.75812758497]
VCG_payments_total = 35744.1101059945
VSP_payments = [6459.1800690243845, 6514.6621502791995, 5177.246066248834, 2128.646370625608, 2779.9233933441874, 5627.313799669736, 2382.663329751998, 1013.005379163884, 2169.6796107895184, 2693.3611641420316, 3352.776764917948, 3460.8565293471265, 5248.5373285047945, 7365.217223216059, 2824.080137920259, 5015.583918675405, 3905.632604263843, 2880.9225775019263, 3899.8208938542807, 4734.285251714682]
VSP_payments_total = 79633.39456295571
Surplus= 43889.2844569612
InfSP_costs = [17286.1640275624, 58.3841194881747, 72.0847786576502, 69.9487650893035, 3273.01090225195]
InfSP_total_cost = 20759.5925930494
Total_Profit = 14984.5175129451
Strategic_Provider = 1
Individual_Profit_VCG = [6250.95122274121, 2775.92235998403, 3.26806138157400, 3.62864350526328, 5950.74722533302]
Final_InfSP_payments = []
Individual_Profits_after_surplus_distribution = []
Topology= [(1, 1), (1, 2), (1, 3), (1, 4), (1, 5), (2, 1), (2, 2), (2, 3), (3, 5), (4, 1), (4, 5), (5, 1), (5, 2), (5, 4)]


--- New experiment --
Providers = 5
Topology = 1
Locations = 5
Requests = 30
Utilization = 0.9333333333333333
VCG_payments = [42226.6255189551, 7725.99042226684, 89.9579624939797, 93.4871484675386, 26467.8261512868]
VCG_payments_total = 76603.8872034703
VSP_payments = [6459.1800690243845, 6514.6621502791995, 5177.246066248834, 2128.646370625608, 2779.9233933441874, 5627.313799669736, 2382.663329751998, 1013.005379163884, 2169.6796107895184, 2693.3611641420316, 3352.776764917948, 3460.8565293471265, 5248.5373285047945, 7365.217223216059, 2824.080137920259, 5015.583918675405, 3905.632604263843, 2880.9225775019263, 3899.8208938542807, 4734.285251714682, 9746.118948719504, 5623.334216022409, 3214.7463474187452, 3343.660542867747, 2120.167672656107, 2113.8922366009892, 4613.104141034867, 4373.176965204618, 2381.424242173724, 4296.957627356588]
VSP_payments_total = 121459.97750301103
Surplus= 41722.9172477207
InfSP_costs = [24187.3390946044, 69.6494356688672, 72.9318032939486, 75.6124055351605, 5510.60057493666]
InfSP_total_cost = 29916.1333140391
Total_Profit = 46687.7538894312
Strategic_Provider = 1
Individual_Profit_VCG = [18039.2864243506, 7656.34098659797, 17.0261592000311, 17.8747429323782, 20957.2255763502]
Final_InfSP_payments = []
Individual_Profits_after_surplus_distribution = []
Topology= [(1, 1), (1, 2), (1, 3), (1, 4), (1, 5), (2, 1), (2, 2), (2, 3), (3, 5), (4, 1), (4, 5), (5, 1), (5, 2), (5, 4)]


--- New experiment --
Providers = 5
Topology = 1
Locations = 5
Requests = 50
Utilization = 0.82
VCG_payments = [60474.4737402723, 14567.3276193296, 93.6242241457949, 946.516905661119, 38717.4413850866]
VCG_payments_total = 114799.383874495
VSP_payments = [6459.1800690243845, 6514.6621502791995, 5177.246066248834, 2128.646370625608, 2779.9233933441874, 5627.313799669736, 2382.663329751998, 1013.005379163884, 2169.6796107895184, 2693.3611641420316, 3352.776764917948, 3460.8565293471265, 5248.5373285047945, 7365.217223216059, 2824.080137920259, 5015.583918675405, 3905.632604263843, 2880.9225775019263, 3899.8208938542807, 4734.285251714682, 9746.118948719504, 5623.334216022409, 3214.7463474187452, 3343.660542867747, 2120.167672656107, 2113.8922366009892, 4613.104141034867, 4373.176965204618, 2381.424242173724, 4296.957627356588, 2916.547227398801, 5085.839438585033, 3595.6824397632017, 3185.259553348566, 3411.504561203195, 627.619224350122, 4348.231415071701, 3517.049330212286, 3463.2094636198985, 2635.2089246350997, 2647.604695169693, 4108.87997985416, 3508.2732624070895, 2385.1873709768065, 2611.1641111205254, 4790.969250960297, 3152.0907029626846, 1875.0865179644668, 6305.578627094077, 4982.445178065547]
VSP_payments_total = 190613.40877777425
Surplus= 51876.7494328539
InfSP_costs = [30872.9648044906, 982.055435485696, 67.6843096638445, 889.285516186873, 8409.60763342094]
InfSP_total_cost = 41221.5976992479
Total_Profit = 73577.7861752474
Strategic_Provider = 4
Individual_Profit_VCG = [29601.5089357817, 13585.2721838439, 25.9399144819504, 57.2313894742459, 30307.8337516656]
Final_InfSP_payments = []
Individual_Profits_after_surplus_distribution = []
Topology= [(1, 1), (1, 2), (1, 3), (1, 4), (1, 5), (2, 1), (2, 2), (2, 3), (3, 5), (4, 1), (4, 5), (5, 1), (5, 2), (5, 4)]


--- New experiment --
Providers = 5
Topology = 1
Locations = 5
Requests = 70
Utilization = 0.7285714285714285
VCG_payments = [77413.0400165418, 31378.2668653617, 96.5299586226465, 4435.88819840812, 45649.9866386165]
VCG_payments_total = 158973.711677551
VSP_payments = [6459.1800690243845, 6514.6621502791995, 5177.246066248834, 2128.646370625608, 2779.9233933441874, 5627.313799669736, 2382.663329751998, 1013.005379163884, 2169.6796107895184, 2693.3611641420316, 3352.776764917948, 3460.8565293471265, 5248.5373285047945, 7365.217223216059, 2824.080137920259, 5015.583918675405, 3905.632604263843, 2880.9225775019263, 3899.8208938542807, 4734.285251714682, 9746.118948719504, 5623.334216022409, 3214.7463474187452, 3343.660542867747, 2120.167672656107, 2113.8922366009892, 4613.104141034867, 4373.176965204618, 2381.424242173724, 4296.957627356588, 2916.547227398801, 5085.839438585033, 3595.6824397632017, 3185.259553348566, 3411.504561203195, 627.619224350122, 4348.231415071701, 3517.049330212286, 3463.2094636198985, 2635.2089246350997, 2647.604695169693, 4108.87997985416, 3508.2732624070895, 2385.1873709768065, 2611.1641111205254, 4790.969250960297, 3152.0907029626846, 1875.0865179644668, 6305.578627094077, 4982.445178065547, 2206.364176373913, 3623.477931608667, 4239.174000101853, 4037.2857957318824, 4195.947941996846, 3052.057663695258, 5032.431377252843, 3644.1781819960493, 3920.1978152487595, 2432.2080761360367, 6131.5728812254365, 3480.4797457189093, 3133.789057813314, 2742.817964497328, 5247.459825066789, 5150.549376331725, 1819.4116385440614, 4072.1065333975107, 3911.2329096526687, 3197.763441787586]
VSP_payments_total = 265883.91511195176
Surplus= 52672.2923214775
InfSP_costs = [33768.6451772961, 5380.34317131263, 74.3690029977001, 4263.73254248485, 8411.24708769833]
InfSP_total_cost = 51898.3369817897
Total_Profit = 107075.374695761
Strategic_Provider = 1
Individual_Profit_VCG = [43644.3948392457, 25997.9236940491, 22.1609556249464, 172.155655923276, 37238.7395509181]
Final_InfSP_payments = []
Individual_Profits_after_surplus_distribution = []
Topology= [(1, 1), (1, 2), (1, 3), (1, 4), (1, 5), (2, 1), (2, 2), (2, 3), (3, 5), (4, 1), (4, 5), (5, 1), (5, 2), (5, 4)]


--- New experiment --
Providers = 5
Topology = 2
Locations = 5
Requests = 10
Utilization = 1.0
VCG_payments = [3351.83502838147, 2829.21575748756, 1142.99087569476, 2660.16968384729, 0]
VCG_payments_total = 9984.21134541107
VSP_payments = [1127.8136201128236, 2658.0010925653905, 1184.6369072533903, 2250.254466450176, 2691.0839089624465, 2031.5346556837255, 4263.769949531749, 4595.110558905893, 2777.6335548277584, 2996.0103354283347]
VSP_payments_total = 26575.849049721684
Surplus= 16591.6377043106
InfSP_costs = [2960.80605944975, 2511.53631311973, 697.402397023644, 2571.41245735069, 0]
InfSP_total_cost = 8741.15722694381
Total_Profit = 1243.05411846726
Strategic_Provider = 2
Individual_Profit_VCG = [391.028968931717, 317.679444367827, 445.588478671114, 88.7572264966002, 0]
Final_InfSP_payments = []
Individual_Profits_after_surplus_distribution = []
Topology= [(1, 1), (1, 2), (1, 5), (2, 5), (3, 1), (3, 3), (4, 1), (4, 2), (4, 4), (5, 1), (5, 3), (5, 4), (5, 5)]


--- New experiment --
Providers = 5
Topology = 2
Locations = 5
Requests = 20
Utilization = 1.0
VCG_payments = [10918.9877127138, 4024.08801488777, 2346.90222016945, 6680.51137271308, 3419.46461787392]
VCG_payments_total = 27389.9539383580
VSP_payments = [1127.8136201128236, 2658.0010925653905, 1184.6369072533903, 2250.254466450176, 2691.0839089624465, 2031.5346556837255, 4263.769949531749, 4595.110558905893, 2777.6335548277584, 2996.0103354283347, 1927.7353269495022, 3093.532592542156, 3036.4610593285497, 3378.7217463388206, 2484.40866107481, 5356.635497680246, 4744.628261705345, 3785.8016478616264, 2675.5840668976352, 7135.024685704482]
VSP_payments_total = 64194.38259580487
Surplus= 36804.4286574469
InfSP_costs = [8277.63180584863, 3572.90368937077, 1415.42140901260, 6447.16144329676, 77.8232268491060]
InfSP_total_cost = 19790.9415743779
Total_Profit = 7599.01236398014
Strategic_Provider = 1
Individual_Profit_VCG = [2641.35590686515, 451.184325517004, 931.480811156851, 233.349929416323, 3341.64139102481]
Final_InfSP_payments = []
Individual_Profits_after_surplus_distribution = []
Topology= [(1, 1), (1, 2), (1, 5), (2, 5), (3, 1), (3, 3), (4, 1), (4, 2), (4, 4), (5, 1), (5, 3), (5, 4), (5, 5)]


--- New experiment --
Providers = 5
Topology = 2
Locations = 5
Requests = 30
Utilization = 1.0
VCG_payments = [13502.6603008526, 5184.26537341700, 3887.19755061103, 11844.0519451321, 15226.2314148623]
VCG_payments_total = 49644.4065848750
VSP_payments = [1127.8136201128236, 2658.0010925653905, 1184.6369072533903, 2250.254466450176, 2691.0839089624465, 2031.5346556837255, 4263.769949531749, 4595.110558905893, 2777.6335548277584, 2996.0103354283347, 1927.7353269495022, 3093.532592542156, 3036.4610593285497, 3378.7217463388206, 2484.40866107481, 5356.635497680246, 4744.628261705345, 3785.8016478616264, 2675.5840668976352, 7135.024685704482, 3337.228936247705, 2181.6009286881826, 2722.556199100309, 5164.6219514440545, 2325.709454528361, 2154.1960227702043, 2875.8694974981904, 3119.1529383556126, 3376.432934972093, 6106.2128147545845]
VSP_payments_total = 97557.96427416419
Surplus= 47913.5576892892
InfSP_costs = [9804.01389271690, 4602.79022486884, 2333.82161603487, 11435.5555514680, 1154.67230975911]
InfSP_total_cost = 29330.8535948477
Total_Profit = 20313.5529900273
Strategic_Provider = 2
Individual_Profit_VCG = [3698.64640813572, 581.475148548158, 1553.37593457616, 408.496393664098, 14071.5591051032]
Final_InfSP_payments = []
Individual_Profits_after_surplus_distribution = []
Topology= [(1, 1), (1, 2), (1, 5), (2, 5), (3, 1), (3, 3), (4, 1), (4, 2), (4, 4), (5, 1), (5, 3), (5, 4), (5, 5)]


--- New experiment --
Providers = 5
Topology = 2
Locations = 5
Requests = 50
Utilization = 0.88
VCG_payments = [18104.5956594418, 7190.25020224377, 8947.55129664676, 25700.4178791665, 52249.0369923706]
VCG_payments_total = 112191.852029869
VSP_payments = [1127.8136201128236, 2658.0010925653905, 1184.6369072533903, 2250.254466450176, 2691.0839089624465, 2031.5346556837255, 4263.769949531749, 4595.110558905893, 2777.6335548277584, 2996.0103354283347, 1927.7353269495022, 3093.532592542156, 3036.4610593285497, 3378.7217463388206, 2484.40866107481, 5356.635497680246, 4744.628261705345, 3785.8016478616264, 2675.5840668976352, 7135.024685704482, 3337.228936247705, 2181.6009286881826, 2722.556199100309, 5164.6219514440545, 2325.709454528361, 2154.1960227702043, 2875.8694974981904, 3119.1529383556126, 3376.432934972093, 6106.2128147545845, 2289.630429317104, 6537.211385596052, 4662.660263110677, 4720.053540371335, 4561.82795677896, 3218.599456511716, 3964.1320761699358, 2985.38502357275, 6757.588027330783, 4081.5762280931085, 6316.447360941017, 4684.009660582187, 1003.8418682777165, 2165.25823915864, 3406.8029847463467, 9324.851543581213, 9207.814854613105, 1489.109777738596, 3235.2705461829482, 5294.516951934033]
VSP_payments_total = 187464.55244877236
Surplus= 64076.4205115927
InfSP_costs = [12279.7744315744, 6383.14911546485, 2340.64608062454, 22244.0367430509, 6279.78462854207]
InfSP_total_cost = 49527.3909992568
Total_Profit = 62664.4610306126
Strategic_Provider = 4
Individual_Profit_VCG = [5824.82122786740, 807.101086778921, 6606.90521602222, 3456.38113611552, 45969.2523638285]
Final_InfSP_payments = []
Individual_Profits_after_surplus_distribution = []
Topology= [(1, 1), (1, 2), (1, 5), (2, 5), (3, 1), (3, 3), (4, 1), (4, 2), (4, 4), (5, 1), (5, 3), (5, 4), (5, 5)]


--- New experiment --
Providers = 5
Topology = 2
Locations = 5
Requests = 70
Utilization = 0.7714285714285715
VCG_payments = [22132.2555379299, 11905.6879565084, 13386.9617591471, 39605.8010437657, 71362.9107924168]
VCG_payments_total = 158393.617089768
VSP_payments = [1127.8136201128236, 2658.0010925653905, 1184.6369072533903, 2250.254466450176, 2691.0839089624465, 2031.5346556837255, 4263.769949531749, 4595.110558905893, 2777.6335548277584, 2996.0103354283347, 1927.7353269495022, 3093.532592542156, 3036.4610593285497, 3378.7217463388206, 2484.40866107481, 5356.635497680246, 4744.628261705345, 3785.8016478616264, 2675.5840668976352, 7135.024685704482, 3337.228936247705, 2181.6009286881826, 2722.556199100309, 5164.6219514440545, 2325.709454528361, 2154.1960227702043, 2875.8694974981904, 3119.1529383556126, 3376.432934972093, 6106.2128147545845, 2289.630429317104, 6537.211385596052, 4662.660263110677, 4720.053540371335, 4561.82795677896, 3218.599456511716, 3964.1320761699358, 2985.38502357275, 6757.588027330783, 4081.5762280931085, 6316.447360941017, 4684.009660582187, 1003.8418682777165, 2165.25823915864, 3406.8029847463467, 9324.851543581213, 9207.814854613105, 1489.109777738596, 3235.2705461829482, 5294.516951934033, 2043.8571574090313, 2996.30884982546, 2693.020338566311, 8782.852811865609, 2057.3602312231915, 5739.600129170323, 2716.9490058897236, 3162.761682342296, 3857.723710288376, 4465.879953737437, 9558.716089806461, 1894.592719229905, 1895.5477049472959, 2436.286625666976, 2277.7033323364694, 3932.4169860545767, 4232.38770683803, 2862.7086373107954, 5454.09163409373, 3605.715343123951]
VSP_payments_total = 264131.0330984983
Surplus= 67199.3303394549
InfSP_costs = [12284.5951272397, 10239.1028925947, 2335.39834250342, 32515.5329313543, 6920.82028311874]
InfSP_total_cost = 64295.4495768108
Total_Profit = 94098.1675129571
Strategic_Provider = 4
Individual_Profit_VCG = [9847.66041069019, 1666.58506391372, 11051.5634166437, 7090.26811241143, 64442.0905092981]
Final_InfSP_payments = []
Individual_Profits_after_surplus_distribution = []
Topology= [(1, 1), (1, 2), (1, 5), (2, 5), (3, 1), (3, 3), (4, 1), (4, 2), (4, 4), (5, 1), (5, 3), (5, 4), (5, 5)]


--- New experiment --
Providers = 5
Topology = 3
Locations = 5
Requests = 10
Utilization = 1.0
VCG_payments = [0.345253331234403, 4264.89008571988, 2126.44591328881, 1307.98221150630, 3750.27539797942]
VCG_payments_total = 11449.9388618257
VSP_payments = [4033.9150352889737, 3126.2466903967747, 3284.4177224122036, 1989.393519070091, 2617.0336540185776, 1409.9645275930907, 3599.27782297047, 2073.7894200708693, 1950.7840065829137, 3654.091536292655]
VSP_payments_total = 27738.91393469662
Surplus= 16288.9750728710
InfSP_costs = [0.345253331234403, 3093.00313782495, 1906.51668482349, 876.192086997204, 3246.88959500258]
InfSP_total_cost = 9122.94675797946
Total_Profit = 2326.99210384619
Strategic_Provider = 3
Individual_Profit_VCG = [0, 1171.88694789493, 219.929228465320, 431.790124509100, 503.385802976838]
Final_InfSP_payments = []
Individual_Profits_after_surplus_distribution = []
Topology= [(1, 2), (1, 5), (2, 1), (2, 2), (2, 3), (3, 1), (3, 4), (4, 5), (5, 3), (5, 4)]


--- New experiment --
Providers = 5
Topology = 3
Locations = 5
Requests = 20
Utilization = 1.0
VCG_payments = [3097.61450649195, 10057.2402990948, 5612.86383390278, 6868.37059657829, 7137.96130323930]
VCG_payments_total = 32774.0505393071
VSP_payments = [4033.9150352889737, 3126.2466903967747, 3284.4177224122036, 1989.393519070091, 2617.0336540185776, 1409.9645275930907, 3599.27782297047, 2073.7894200708693, 1950.7840065829137, 3654.091536292655, 4113.996678584187, 4041.433210527561, 1501.7528727335912, 2056.727512801492, 8325.58807897934, 2940.0810519439146, 3271.413644021171, 2703.121275352257, 4879.5210081913565, 4241.757718098511]
VSP_payments_total = 65814.30698593
Surplus= 33040.2564466229
InfSP_costs = [66.9873427618136, 6007.49090157915, 4182.45475831676, 3752.23929508480, 5742.18138470296]
InfSP_total_cost = 19751.3536824455
Total_Profit = 13022.6968568616
Strategic_Provider = 3
Individual_Profit_VCG = [3030.62716373014, 4049.74939751564, 1430.40907558602, 3116.13130149349, 1395.77991853635]
Final_InfSP_payments = []
Individual_Profits_after_surplus_distribution = []
Topology= [(1, 2), (1, 5), (2, 1), (2, 2), (2, 3), (3, 1), (3, 4), (4, 5), (5, 3), (5, 4)]


--- New experiment --
Providers = 5
Topology = 3
Locations = 5
Requests = 30
Utilization = 1.0
VCG_payments = [14785.1736304225, 25626.9485066593, 16795.9152203053, 13738.7582712510, 24608.9592557723]
VCG_payments_total = 95555.7548844104
VSP_payments = [4033.9150352889737, 3126.2466903967747, 3284.4177224122036, 1989.393519070091, 2617.0336540185776, 1409.9645275930907, 3599.27782297047, 2073.7894200708693, 1950.7840065829137, 3654.091536292655, 4113.996678584187, 4041.433210527561, 1501.7528727335912, 2056.727512801492, 8325.58807897934, 2940.0810519439146, 3271.413644021171, 2703.121275352257, 4879.5210081913565, 4241.757718098511, 7843.497642992692, 3137.138494114188, 2656.799117847652, 5619.025411152428, 2508.6454866578806, 1541.9139185507106, 2526.628969216519, 4286.153853343068, 4299.841440464772, 2789.812627339876]
VSP_payments_total = 103023.7639476098
Surplus= 7468.00906319944
InfSP_costs = [457.756142384618, 8258.03103634429, 6947.68061098937, 5014.57374709270, 10514.7311387857]
InfSP_total_cost = 31192.7726755967
Total_Profit = 64362.9822088137
Strategic_Provider = 2
Individual_Profit_VCG = [14327.4174880379, 17368.9174703150, 9848.23460931593, 8724.18452415826, 14094.2281169866]
Final_InfSP_payments = []
Individual_Profits_after_surplus_distribution = []
Topology= [(1, 2), (1, 5), (2, 1), (2, 2), (2, 3), (3, 1), (3, 4), (4, 5), (5, 3), (5, 4)]


--- New experiment --
Providers = 5
Topology = 3
Locations = 5
Requests = 50
Utilization = 0.72
VCG_payments = [32206.6232354035, 41200.6565500728, 21682.6141221236, 17706.1731851214, 41739.6207975959]
VCG_payments_total = 154535.687890317
VSP_payments = [4033.9150352889737, 3126.2466903967747, 3284.4177224122036, 1989.393519070091, 2617.0336540185776, 1409.9645275930907, 3599.27782297047, 2073.7894200708693, 1950.7840065829137, 3654.091536292655, 4113.996678584187, 4041.433210527561, 1501.7528727335912, 2056.727512801492, 8325.58807897934, 2940.0810519439146, 3271.413644021171, 2703.121275352257, 4879.5210081913565, 4241.757718098511, 7843.497642992692, 3137.138494114188, 2656.799117847652, 5619.025411152428, 2508.6454866578806, 1541.9139185507106, 2526.628969216519, 4286.153853343068, 4299.841440464772, 2789.812627339876, 3606.3324352947266, 4274.255808914833, 3587.836871346777, 2305.409521816144, 2487.15496528665, 5607.411945054988, 3886.5928747498483, 5712.055368720753, 7542.008478692696, 3631.169106527698, 4820.291461435764, 2694.6228828540447, 4740.37323123268, 3508.7437415516492, 3023.649958902398, 3520.0058333246875, 1599.5944157674626, 4007.677715832254, 3825.515771693766, 4298.425226382862]
VSP_payments_total = 181702.89156299247
Surplus= -9150.70813166292
InfSP_costs = [1287.15334169591, 8414.68446610116, 8442.45709969737, 6523.70580974871, 14785.8342385965]
InfSP_total_cost = 39453.8349558396
Total_Profit = 115081.852934478
Strategic_Provider = 4
Individual_Profit_VCG = [30919.4698937076, 32785.9720839717, 13240.1570224262, 11182.4673753727, 26953.7865589993]
Final_InfSP_payments = []
Individual_Profits_after_surplus_distribution = []
Topology= [(1, 2), (1, 5), (2, 1), (2, 2), (2, 3), (3, 1), (3, 4), (4, 5), (5, 3), (5, 4)]


--- New experiment --
Providers = 5
Topology = 3
Locations = 5
Requests = 70
Utilization = 0.5571428571428572
VCG_payments = [32098.0878529739, 44520.6050967667, 24573.0737976110, 18445.3851736628, 56588.2968584772]
VCG_payments_total = 176225.448779492
VSP_payments = [4033.9150352889737, 3126.2466903967747, 3284.4177224122036, 1989.393519070091, 2617.0336540185776, 1409.9645275930907, 3599.27782297047, 2073.7894200708693, 1950.7840065829137, 3654.091536292655, 4113.996678584187, 4041.433210527561, 1501.7528727335912, 2056.727512801492, 8325.58807897934, 2940.0810519439146, 3271.413644021171, 2703.121275352257, 4879.5210081913565, 4241.757718098511, 7843.497642992692, 3137.138494114188, 2656.799117847652, 5619.025411152428, 2508.6454866578806, 1541.9139185507106, 2526.628969216519, 4286.153853343068, 4299.841440464772, 2789.812627339876, 3606.3324352947266, 4274.255808914833, 3587.836871346777, 2305.409521816144, 2487.15496528665, 5607.411945054988, 3886.5928747498483, 5712.055368720753, 7542.008478692696, 3631.169106527698, 4820.291461435764, 2694.6228828540447, 4740.37323123268, 3508.7437415516492, 3023.649958902398, 3520.0058333246875, 1599.5944157674626, 4007.677715832254, 3825.515771693766, 4298.425226382862, 3020.938908725196, 2520.1826724090934, 6875.009786328057, 1558.8614725798793, 3846.0708632633555, 2593.9284022782067, 5530.211859169383, 1531.583317684676, 4009.5346288397873, 2557.153231906232, 5204.005049048547, 3248.593661435437, 3600.003830677562, 5788.977406415102, 2471.62329136139, 5531.541239760353, 2608.6553930860578, 2256.476830726901, 2436.171856583762, 3541.9830004831174]
VSP_payments_total = 252434.39826575457
Surplus= -7466.64650297951
InfSP_costs = [582.483816883421, 8422.49165139595, 8521.48723246814, 6057.59842559946, 19536.2153872297]
InfSP_total_cost = 43120.2765135766
Total_Profit = 133105.172265915
Strategic_Provider = 1
Individual_Profit_VCG = [31515.6040360905, 36098.1134453707, 16051.5865651429, 12387.7867480633, 37052.0814712475]
Final_InfSP_payments = []
Individual_Profits_after_surplus_distribution = []
Topology= [(1, 2), (1, 5), (2, 1), (2, 2), (2, 3), (3, 1), (3, 4), (4, 5), (5, 3), (5, 4)]


--- New experiment --
Providers = 5
Topology = 4
Locations = 5
Requests = 10
Utilization = 1.0
VCG_payments = [2931.57165980478, 2262.02352473578, 2404.31845120012, 1818.10401083691, 1177.95041406101]
VCG_payments_total = 10593.9680606386
VSP_payments = [3423.1602146701393, 4689.5354014951245, 2720.8991375886253, 3659.7732899439657, 2084.850125356016, 3751.5318771338266, 3761.086367633172, 5500.257869103557, 2903.5881360762182, 1964.674313701971]
VSP_payments_total = 34459.35673270262
Surplus= 23865.3886720640
InfSP_costs = [2072.35248412583, 2196.70655215292, 2277.38206380522, 1677.59586742515, 916.478238426833]
InfSP_total_cost = 9140.51520593596
Total_Profit = 1453.45285470265
Strategic_Provider = 5
Individual_Profit_VCG = [859.219175678948, 65.3169725828639, 126.936387394899, 140.508143411761, 261.472175634178]
Final_InfSP_payments = []
Individual_Profits_after_surplus_distribution = []
Topology= [(1, 2), (1, 4), (1, 5), (2, 2), (2, 3), (2, 4), (3, 1), (3, 3), (3, 4), (3, 5), (4, 1), (4, 4), (5, 1), (5, 2), (5, 4), (5, 5)]


--- New experiment --
Providers = 5
Topology = 4
Locations = 5
Requests = 20
Utilization = 0.95
VCG_payments = [4309.82527101020, 5166.91101583591, 5144.31321976424, 3446.51978788227, 2878.50583080449]
VCG_payments_total = 20946.0751252971
VSP_payments = [3423.1602146701393, 4689.5354014951245, 2720.8991375886253, 3659.7732899439657, 2084.850125356016, 3751.5318771338266, 3761.086367633172, 5500.257869103557, 2903.5881360762182, 1964.674313701971, 2573.023467472373, 5018.5472944059175, 4870.981669021007, 614.1900565714151, 6816.108485192113, 3594.352368521707, 3074.9043275977865, 3312.161858564872, 3682.5046054643485, 4013.6211984148704]
VSP_payments_total = 72029.75206392903
Surplus= 50469.4868820605
InfSP_costs = [3061.84919779112, 5015.26532455136, 4873.82061275928, 3185.71491788596, 2259.50145997951]
InfSP_total_cost = 18396.1515129672
Total_Profit = 2549.92361232988
Strategic_Provider = 2
Individual_Profit_VCG = [1247.97607321907, 151.645691284550, 270.492607004962, 260.804869996317, 619.004370824975]
Final_InfSP_payments = []
Individual_Profits_after_surplus_distribution = []
Topology= [(1, 2), (1, 4), (1, 5), (2, 2), (2, 3), (2, 4), (3, 1), (3, 3), (3, 4), (3, 5), (4, 1), (4, 4), (5, 1), (5, 2), (5, 4), (5, 5)]


--- New experiment --
Providers = 5
Topology = 4
Locations = 5
Requests = 30
Utilization = 0.9666666666666667
VCG_payments = [6531.63799745716, 11185.8267844418, 10457.5825682686, 5827.60220350555, 7254.73508756996]
VCG_payments_total = 41257.3846412431
VSP_payments = [3423.1602146701393, 4689.5354014951245, 2720.8991375886253, 3659.7732899439657, 2084.850125356016, 3751.5318771338266, 3761.086367633172, 5500.257869103557, 2903.5881360762182, 1964.674313701971, 2573.023467472373, 5018.5472944059175, 4870.981669021007, 614.1900565714151, 6816.108485192113, 3594.352368521707, 3074.9043275977865, 3312.161858564872, 3682.5046054643485, 4013.6211984148704, 4761.1988580489315, 1783.098223336462, 4140.920319190009, 2849.812917386246, 4130.031386849885, 3387.76725152508, 1788.434821878219, 5768.899202057233, 2356.9255410628048, 5975.166733319132]
VSP_payments_total = 108972.00731858301
Surplus= 67100.4326207686
InfSP_costs = [4634.41018771473, 5164.67936590761, 6760.34034894021, 5385.59226221043, 6069.00966233567]
InfSP_total_cost = 28014.0318271086
Total_Profit = 13243.3528141344
Strategic_Provider = 4
Individual_Profit_VCG = [1897.22780974243, 6021.14741853422, 3697.24221932838, 442.009941295124, 1185.72542523429]
Final_InfSP_payments = []
Individual_Profits_after_surplus_distribution = []
Topology= [(1, 2), (1, 4), (1, 5), (2, 2), (2, 3), (2, 4), (3, 1), (3, 3), (3, 4), (3, 5), (4, 1), (4, 4), (5, 1), (5, 2), (5, 4), (5, 5)]


--- New experiment --
Providers = 5
Topology = 4
Locations = 5
Requests = 50
Utilization = 0.98
VCG_payments = [21742.9815853252, 32938.3079669048, 27805.5809115560, 6305.42811371505, 36399.7880948542]
VCG_payments_total = 125192.086672355
VSP_payments = [3423.1602146701393, 4689.5354014951245, 2720.8991375886253, 3659.7732899439657, 2084.850125356016, 3751.5318771338266, 3761.086367633172, 5500.257869103557, 2903.5881360762182, 1964.674313701971, 2573.023467472373, 5018.5472944059175, 4870.981669021007, 614.1900565714151, 6816.108485192113, 3594.352368521707, 3074.9043275977865, 3312.161858564872, 3682.5046054643485, 4013.6211984148704, 4761.1988580489315, 1783.098223336462, 4140.920319190009, 2849.812917386246, 4130.031386849885, 3387.76725152508, 1788.434821878219, 5768.899202057233, 2356.9255410628048, 5975.166733319132, 2968.1167982329334, 4154.867830656035, 3955.1430245753872, 4533.728227380236, 3437.489798865139, 2470.4276413270477, 4808.448129919725, 3404.5377024411005, 5449.368893139578, 4583.845898279088, 5872.986362630414, 6548.95798947155, 1684.6888174977378, 4034.4980660733067, 2818.066360340104, 4011.079950390382, 4982.773717412305, 2724.4761313923696, 3254.769325183816, 3058.003953672639]
VSP_payments_total = 187728.28193746394
Surplus= 61922.0052085373
InfSP_costs = [7785.98071541431, 6938.96326057508, 9143.60871682358, 5809.29852052791, 19580.7651610298]
InfSP_total_cost = 49258.6163743707
Total_Profit = 75933.4702979845
Strategic_Provider = 4
Individual_Profit_VCG = [13957.0008699109, 25999.3447063297, 18661.9721947324, 496.129593187145, 16819.0229338243]
Final_InfSP_payments = []
Individual_Profits_after_surplus_distribution = []
Topology= [(1, 2), (1, 4), (1, 5), (2, 2), (2, 3), (2, 4), (3, 1), (3, 3), (3, 4), (3, 5), (4, 1), (4, 4), (5, 1), (5, 2), (5, 4), (5, 5)]


--- New experiment --
Providers = 5
Topology = 4
Locations = 5
Requests = 70
Utilization = 0.8428571428571429
VCG_payments = [39755.2607182542, 41192.7368951180, 40232.9823331831, 6981.41965327278, 59042.2861241302]
VCG_payments_total = 187204.685723958
VSP_payments = [3423.1602146701393, 4689.5354014951245, 2720.8991375886253, 3659.7732899439657, 2084.850125356016, 3751.5318771338266, 3761.086367633172, 5500.257869103557, 2903.5881360762182, 1964.674313701971, 2573.023467472373, 5018.5472944059175, 4870.981669021007, 614.1900565714151, 6816.108485192113, 3594.352368521707, 3074.9043275977865, 3312.161858564872, 3682.5046054643485, 4013.6211984148704, 4761.1988580489315, 1783.098223336462, 4140.920319190009, 2849.812917386246, 4130.031386849885, 3387.76725152508, 1788.434821878219, 5768.899202057233, 2356.9255410628048, 5975.166733319132, 2968.1167982329334, 4154.867830656035, 3955.1430245753872, 4533.728227380236, 3437.489798865139, 2470.4276413270477, 4808.448129919725, 3404.5377024411005, 5449.368893139578, 4583.845898279088, 5872.986362630414, 6548.95798947155, 1684.6888174977378, 4034.4980660733067, 2818.066360340104, 4011.079950390382, 4982.773717412305, 2724.4761313923696, 3254.769325183816, 3058.003953672639, 4443.379006825957, 3914.5510382247603, 4859.469386073225, 3613.978426354497, 5370.843635815141, 2849.4271209688773, 2728.2546319520657, 3284.8153046242896, 2817.699700152803, 3329.8077909162944, 1358.0583083405165, 2397.977182563301, 4047.808935509363, 1929.9510729862654, 2717.8742224899042, 3502.3549605617377, 3176.7618021683843, 1570.5625842650718, 4426.306040609967, 8090.097267290487]
VSP_payments_total = 258158.26035615688
Surplus= 47347.0429608861
InfSP_costs = [9553.88123944114, 8235.30242557270, 10555.7597783004, 5831.18313493230, 25502.3845768298]
InfSP_total_cost = 59678.5111550764
Total_Profit = 127526.174568882
Strategic_Provider = 3
Individual_Profit_VCG = [30201.3794788130, 32957.4344695453, 29677.2225548827, 1150.23651834048, 33539.9015473003]
Final_InfSP_payments = []
Individual_Profits_after_surplus_distribution = []
Topology= [(1, 2), (1, 4), (1, 5), (2, 2), (2, 3), (2, 4), (3, 1), (3, 3), (3, 4), (3, 5), (4, 1), (4, 4), (5, 1), (5, 2), (5, 4), (5, 5)]


--- New experiment --
Providers = 5
Topology = 5
Locations = 5
Requests = 10
Utilization = 1.0
VCG_payments = [8863.08437966802, 591.158040566937, 2956.47091324147, 65.1314474373503, 75.6831172868588]
VCG_payments_total = 12551.5278982006
VSP_payments = [3989.319466365347, 4494.806866184582, 5812.60922567828, 5908.332850264461, 6807.399815240261, 4751.695749974747, 1163.8003977262103, 2688.0077706176867, 2554.73214363459, 3384.4667803674315]
VSP_payments_total = 41555.1710660536
Surplus= 29003.6431678530
InfSP_costs = [7144.79273015675, 586.401596772164, 2772.60740901525, 62.0256837814668, 71.8243575935090]
InfSP_total_cost = 10637.6517773191
Total_Profit = 1913.87612088149
Strategic_Provider = 1
Individual_Profit_VCG = [1718.29164951127, 4.75644379477319, 183.863504226220, 3.10576365588349, 3.85875969334973]
Final_InfSP_payments = []
Individual_Profits_after_surplus_distribution = []
Topology= [(1, 2), (1, 3), (1, 4), (2, 1), (2, 5), (3, 1), (3, 2), (3, 5), (4, 4), (5, 3)]


--- New experiment --
Providers = 5
Topology = 5
Locations = 5
Requests = 20
Utilization = 1.0
VCG_payments = [15416.6503923444, 7126.53676674033, 4483.76574612875, 4066.69656932577, 85.7941938111835]
VCG_payments_total = 31179.4436683504
VSP_payments = [3989.319466365347, 4494.806866184582, 5812.60922567828, 5908.332850264461, 6807.399815240261, 4751.695749974747, 1163.8003977262103, 2688.0077706176867, 2554.73214363459, 3384.4667803674315, 2380.705766581875, 3660.735396498011, 4498.389296368728, 3585.2151107906334, 3307.8267452949176, 3071.6072599131035, 4107.058981455451, 4497.645638536168, 2213.452369184239, 5033.916586484999]
VSP_payments_total = 77911.7242171617
Surplus= 46732.2805488114
InfSP_costs = [12147.3742393593, 4430.67636962356, 3743.85865728525, 71.8373028517153, 71.4548166080934]
InfSP_total_cost = 20465.2013857279
Total_Profit = 10714.2422826225
Strategic_Provider = 5
Individual_Profit_VCG = [3269.27615298510, 2695.86039711676, 739.907088843506, 3994.85926647406, 14.3393772030902]
Final_InfSP_payments = []
Individual_Profits_after_surplus_distribution = []
Topology= [(1, 2), (1, 3), (1, 4), (2, 1), (2, 5), (3, 1), (3, 2), (3, 5), (4, 4), (5, 3)]


--- New experiment --
Providers = 5
Topology = 5
Locations = 5
Requests = 30
Utilization = 0.9666666666666667
VCG_payments = [24896.1064433459, 17542.6289110852, 8061.60001943370, 7851.36583944806, 83.6873750603845]
VCG_payments_total = 58435.3885883732
VSP_payments = [3989.319466365347, 4494.806866184582, 5812.60922567828, 5908.332850264461, 6807.399815240261, 4751.695749974747, 1163.8003977262103, 2688.0077706176867, 2554.73214363459, 3384.4667803674315, 2380.705766581875, 3660.735396498011, 4498.389296368728, 3585.2151107906334, 3307.8267452949176, 3071.6072599131035, 4107.058981455451, 4497.645638536168, 2213.452369184239, 5033.916586484999, 4741.55981572501, 2456.495695623781, 2882.765868994264, 6191.343433606981, 2367.7183980570458, 544.35467949519, 3557.61217635598, 3928.1066535067353, 4575.42533471747, 2888.6143096412184]
VSP_payments_total = 112045.72058288535
Surplus= 53065.9773150170
InfSP_costs = [19016.6561615075, 7767.17398665432, 3792.32267562953, 72.9288118673539, 66.8310959597792]
InfSP_total_cost = 30715.9127316185
Total_Profit = 27719.4758567547
Strategic_Provider = 2
Individual_Profit_VCG = [5879.45028183837, 9775.45492443091, 4269.27734380417, 7778.43702758071, 16.8562791006053]
Final_InfSP_payments = []
Individual_Profits_after_surplus_distribution = []
Topology= [(1, 2), (1, 3), (1, 4), (2, 1), (2, 5), (3, 1), (3, 2), (3, 5), (4, 4), (5, 3)]


--- New experiment --
Providers = 5
Topology = 5
Locations = 5
Requests = 50
Utilization = 0.84
VCG_payments = [62945.8975542751, 42920.9095948204, 38008.2072603401, 18578.8137044313, 5222.39321527968]
VCG_payments_total = 167676.221329147
VSP_payments = [3989.319466365347, 4494.806866184582, 5812.60922567828, 5908.332850264461, 6807.399815240261, 4751.695749974747, 1163.8003977262103, 2688.0077706176867, 2554.73214363459, 3384.4667803674315, 2380.705766581875, 3660.735396498011, 4498.389296368728, 3585.2151107906334, 3307.8267452949176, 3071.6072599131035, 4107.058981455451, 4497.645638536168, 2213.452369184239, 5033.916586484999, 4741.55981572501, 2456.495695623781, 2882.765868994264, 6191.343433606981, 2367.7183980570458, 544.35467949519, 3557.61217635598, 3928.1066535067353, 4575.42533471747, 2888.6143096412184, 5206.137273001177, 4089.5284796394967, 3521.122489200096, 5094.719044348124, 3430.422289187521, 2698.6289707421333, 3316.4422930431774, 3391.1440868103614, 3126.264421217361, 9884.813811165946, 768.2009838983305, 6961.6328420009395, 4729.21155093374, 5967.677622260134, 6949.36549084116, 3443.2221839956874, 1947.292248788085, 3190.6249886274018, 5630.199220350987, 7034.750645903621]
VSP_payments_total = 202427.12151884087
Surplus= 20070.0605345952
InfSP_costs = [27964.9727023878, 11709.9463095929, 6157.47260555485, 1248.60179257550, 73.5026356668259]
InfSP_total_cost = 47154.4960457779
Total_Profit = 120521.725283369
Strategic_Provider = 5
Individual_Profit_VCG = [34980.9248518873, 31210.9632852275, 31850.7346547852, 17330.2119118559, 5148.89057961285]
Final_InfSP_payments = []
Individual_Profits_after_surplus_distribution = []
Topology= [(1, 2), (1, 3), (1, 4), (2, 1), (2, 5), (3, 1), (3, 2), (3, 5), (4, 4), (5, 3)]


--- New experiment --
Providers = 5
Topology = 5
Locations = 5
Requests = 70
Utilization = 0.6142857142857143
VCG_payments = [71158.3795588624, 52418.9844163051, 46596.2371343972, 24424.2678542710, 8228.36993922660]
VCG_payments_total = 202826.238903062
VSP_payments = [3989.319466365347, 4494.806866184582, 5812.60922567828, 5908.332850264461, 6807.399815240261, 4751.695749974747, 1163.8003977262103, 2688.0077706176867, 2554.73214363459, 3384.4667803674315, 2380.705766581875, 3660.735396498011, 4498.389296368728, 3585.2151107906334, 3307.8267452949176, 3071.6072599131035, 4107.058981455451, 4497.645638536168, 2213.452369184239, 5033.916586484999, 4741.55981572501, 2456.495695623781, 2882.765868994264, 6191.343433606981, 2367.7183980570458, 544.35467949519, 3557.61217635598, 3928.1066535067353, 4575.42533471747, 2888.6143096412184, 5206.137273001177, 4089.5284796394967, 3521.122489200096, 5094.719044348124, 3430.422289187521, 2698.6289707421333, 3316.4422930431774, 3391.1440868103614, 3126.264421217361, 9884.813811165946, 768.2009838983305, 6961.6328420009395, 4729.21155093374, 5967.677622260134, 6949.36549084116, 3443.2221839956874, 1947.292248788085, 3190.6249886274018, 5630.199220350987, 7034.750645903621, 5587.8202591594645, 2757.680071716053, 4454.325213658995, 5028.499889420751, 3934.376918916702, 8255.522309596941, 2297.52604160443, 3513.5572584596275, 5598.94697118339, 3155.825217644941, 6961.330778211025, 3986.7472225039537, 1218.114863836171, 9725.586582321868, 3266.862191999241, 5541.615442531776, 2862.0859143545217, 4880.335166040071, 4800.230398224688, 2922.0244532241213]
VSP_payments_total = 293176.1346834496
Surplus= 7663.53985091569
InfSP_costs = [27977.9531444065, 13370.6186976450, 3970.58369318461, 3632.52259320040, 73.5189539520134]
InfSP_total_cost = 49025.1970823885
Total_Profit = 153801.041820674
Strategic_Provider = 2
Individual_Profit_VCG = [43180.4264144559, 39048.3657186601, 42625.6534412126, 20791.7452610706, 8154.85098527459]
Final_InfSP_payments = []
Individual_Profits_after_surplus_distribution = []
Topology= [(1, 2), (1, 3), (1, 4), (2, 1), (2, 5), (3, 1), (3, 2), (3, 5), (4, 4), (5, 3)]


--- New experiment --
Providers = 5
Topology = 6
Locations = 5
Requests = 10
Utilization = 1.0
VCG_payments = [45.6900284307194, 3154.37920536950, 3503.68191548512, 1885.07748477693, 1602.59926683788]
VCG_payments_total = 10191.4279009001
VSP_payments = [2299.888600097007, 2698.909427301755, 2537.7529485897257, 2180.325773353439, 3427.242862617996, 4305.491589918998, 3790.2050474387624, 3510.169465338061, 2519.2638454726452, 5958.784879756213]
VSP_payments_total = 33228.0344398846
Surplus= 23036.6065389845
InfSP_costs = [44.0002067806551, 1831.22989048891, 3088.88982353489, 1837.26077765381, 1579.13892346866]
InfSP_total_cost = 8380.51962192693
Total_Profit = 1810.90827897322
Strategic_Provider = 5
Individual_Profit_VCG = [1.68982165006425, 1323.14931488058, 414.792091950230, 47.8167071231189, 23.4603433692182]
Final_InfSP_payments = []
Individual_Profits_after_surplus_distribution = []
Topology= [(1, 2), (1, 3), (1, 4), (2, 2), (2, 4), (3, 1), (3, 2), (3, 5), (4, 1), (4, 2), (4, 5), (5, 1), (5, 3), (5, 5)]


--- New experiment --
Providers = 5
Topology = 6
Locations = 5
Requests = 20
Utilization = 0.95
VCG_payments = [7847.25734240137, 7181.78806228480, 4994.38201563947, 4172.09166260528, 3461.16361234407]
VCG_payments_total = 27656.6826952750
VSP_payments = [2299.888600097007, 2698.909427301755, 2537.7529485897257, 2180.325773353439, 3427.242862617996, 4305.491589918998, 3790.2050474387624, 3510.169465338061, 2519.2638454726452, 5958.784879756213, 5176.970302507893, 3024.1073867465916, 3971.3811779840057, 4054.2523122302196, 3819.0699006635245, 435.62150805568945, 2879.3612887974423, 3244.9242849972475, 3743.0505010525067, 3982.5476379990923]
VSP_payments_total = 67559.32074091882
Surplus= 39467.0165375881
InfSP_costs = [49.4595745693068, 4143.01973535079, 4345.41381966065, 4063.85496039575, 3408.98256732698]
InfSP_total_cost = 16010.7306573035
Total_Profit = 11645.9520379715
Strategic_Provider = 2
Individual_Profit_VCG = [7797.79776783206, 3038.76832693401, 648.968195978818, 108.236702209530, 52.1810450170851]
Final_InfSP_payments = []
Individual_Profits_after_surplus_distribution = []
Topology= [(1, 2), (1, 3), (1, 4), (2, 2), (2, 4), (3, 1), (3, 2), (3, 5), (4, 1), (4, 2), (4, 5), (5, 1), (5, 3), (5, 5)]


--- New experiment --
Providers = 5
Topology = 6
Locations = 5
Requests = 30
Utilization = 0.9
VCG_payments = [21657.4432137015, 11025.1647560471, 6534.11230908800, 5997.70201380180, 16753.2789907534]
VCG_payments_total = 61967.7012833917
VSP_payments = [2299.888600097007, 2698.909427301755, 2537.7529485897257, 2180.325773353439, 3427.242862617996, 4305.491589918998, 3790.2050474387624, 3510.169465338061, 2519.2638454726452, 5958.784879756213, 5176.970302507893, 3024.1073867465916, 3971.3811779840057, 4054.2523122302196, 3819.0699006635245, 435.62150805568945, 2879.3612887974423, 3244.9242849972475, 3743.0505010525067, 3982.5476379990923, 3983.2394263372494, 1769.5055344691207, 4282.242499375464, 2683.5714087382594, 3793.0313523171303, 7851.238967660497, 636.9857620175354, 3829.9945870831853, 3410.3307179221365, 5689.068390298033]
VSP_payments_total = 105488.52938713745
Surplus= 40678.7152992033
InfSP_costs = [50.6704002238475, 6436.40653407241, 5760.97962974552, 5841.16021705864, 5736.01533186046]
InfSP_total_cost = 23825.2321129609
Total_Profit = 38142.4691704309
Strategic_Provider = 2
Individual_Profit_VCG = [21606.7728134776, 4588.75822197469, 773.132679342477, 156.541796743159, 11017.2636588929]
Final_InfSP_payments = []
Individual_Profits_after_surplus_distribution = []
Topology= [(1, 2), (1, 3), (1, 4), (2, 2), (2, 4), (3, 1), (3, 2), (3, 5), (4, 1), (4, 2), (4, 5), (5, 1), (5, 3), (5, 5)]


--- New experiment --
Providers = 5
Topology = 6
Locations = 5
Requests = 50
Utilization = 0.74
VCG_payments = [33266.1680040851, 15173.7299260572, 7682.83040097145, 8948.39431608214, 23323.6364187116]
VCG_payments_total = 88394.7590659075
VSP_payments = [2299.888600097007, 2698.909427301755, 2537.7529485897257, 2180.325773353439, 3427.242862617996, 4305.491589918998, 3790.2050474387624, 3510.169465338061, 2519.2638454726452, 5958.784879756213, 5176.970302507893, 3024.1073867465916, 3971.3811779840057, 4054.2523122302196, 3819.0699006635245, 435.62150805568945, 2879.3612887974423, 3244.9242849972475, 3743.0505010525067, 3982.5476379990923, 3983.2394263372494, 1769.5055344691207, 4282.242499375464, 2683.5714087382594, 3793.0313523171303, 7851.238967660497, 636.9857620175354, 3829.9945870831853, 3410.3307179221365, 5689.068390298033, 5788.513426452126, 5312.459201287591, 2148.930506429442, 3926.739278132332, 3257.297320504235, 5249.048475071261, 2137.7575141878892, 3205.4385512721997, 4626.285098999651, 6503.747790693791, 3957.3155385658583, 2225.6977337419266, 3866.023113946096, 3998.3311353270233, 3581.945783353894, 2100.40546796312, 2693.9106845927727, 4620.562238119955, 3009.578926088146, 4846.975701270924]
VSP_payments_total = 182545.49287313767
Surplus= 61892.8753583308
InfSP_costs = [1191.77499433789, 9809.04245694277, 6663.46803867290, 7919.69001165881, 8027.87440850564]
InfSP_total_cost = 33611.8499101180
Total_Profit = 54782.9091557895
Strategic_Provider = 2
Individual_Profit_VCG = [32074.3930097472, 5364.68746911446, 1019.36236229855, 1028.70430442333, 15295.7620102059]
Final_InfSP_payments = []
Individual_Profits_after_surplus_distribution = []
Topology= [(1, 2), (1, 3), (1, 4), (2, 2), (2, 4), (3, 1), (3, 2), (3, 5), (4, 1), (4, 2), (4, 5), (5, 1), (5, 3), (5, 5)]


--- New experiment --
Providers = 5
Topology = 6
Locations = 5
Requests = 70
Utilization = 0.6714285714285714
VCG_payments = [50667.1774354431, 17294.2008924166, 7977.90571396099, 14402.7662033101, 30191.7185755084]
VCG_payments_total = 120533.768820639
VSP_payments = [2299.888600097007, 2698.909427301755, 2537.7529485897257, 2180.325773353439, 3427.242862617996, 4305.491589918998, 3790.2050474387624, 3510.169465338061, 2519.2638454726452, 5958.784879756213, 5176.970302507893, 3024.1073867465916, 3971.3811779840057, 4054.2523122302196, 3819.0699006635245, 435.62150805568945, 2879.3612887974423, 3244.9242849972475, 3743.0505010525067, 3982.5476379990923, 3983.2394263372494, 1769.5055344691207, 4282.242499375464, 2683.5714087382594, 3793.0313523171303, 7851.238967660497, 636.9857620175354, 3829.9945870831853, 3410.3307179221365, 5689.068390298033, 5788.513426452126, 5312.459201287591, 2148.930506429442, 3926.739278132332, 3257.297320504235, 5249.048475071261, 2137.7575141878892, 3205.4385512721997, 4626.285098999651, 6503.747790693791, 3957.3155385658583, 2225.6977337419266, 3866.023113946096, 3998.3311353270233, 3581.945783353894, 2100.40546796312, 2693.9106845927727, 4620.562238119955, 3009.578926088146, 4846.975701270924, 3569.5000230892542, 4698.5867391510965, 1721.4909815427006, 2795.166381337795, 1507.398699856989, 4400.902312982398, 3242.449060157917, 1930.0056322833757, 2092.5841262085455, 5233.952602478733, 4094.409406437922, 4023.2043645546128, 2246.2857508403226, 4672.882900000992, 2986.7124551372763, 2088.4692453195057, 2304.4841722666115, 5380.5244218345115, 5106.725863708854, 4880.4002540104]
VSP_payments_total = 251521.6282663375
Surplus= 67855.4798901263
InfSP_costs = [7651.05691924790, 11819.9481983497, 6657.39985150495, 11628.3714294510, 9060.19384597216]
InfSP_total_cost = 46816.9702445257
Total_Profit = 73716.7985761135
Strategic_Provider = 2
Individual_Profit_VCG = [43016.1205161952, 5474.25269406696, 1320.50586245605, 2774.39477385904, 21131.5247295362]
Final_InfSP_payments = []
Individual_Profits_after_surplus_distribution = []
Topology= [(1, 2), (1, 3), (1, 4), (2, 2), (2, 4), (3, 1), (3, 2), (3, 5), (4, 1), (4, 2), (4, 5), (5, 1), (5, 3), (5, 5)]


--- New experiment --
Providers = 5
Topology = 7
Locations = 5
Requests = 10
Utilization = 1.0
VCG_payments = [22.9891286370403, 27993.2305735905, 0.211655070710549, 10720.1287576906, 29.0526414272208]
VCG_payments_total = 38765.6127564161
VSP_payments = [2314.7876566691343, 4693.708799603713, 4439.687898124182, 1386.0795277875857, 2906.34018441719, 3707.1017160216543, 3353.4497895124155, 2945.177047486518, 1729.6664988096675, 5334.642306500535]
VSP_payments_total = 32810.6414249326
Surplus= -5954.97133148346
InfSP_costs = [22.6789001250343, 7587.97257425962, 0.144925442583827, 2607.46555063393, 26.5752009748662]
InfSP_total_cost = 10244.8371514360
Total_Profit = 28520.7756049800
Strategic_Provider = 1
Individual_Profit_VCG = [0.310228512005953, 20405.2579993308, 0.0667296281267224, 8112.66320705670, 2.47744045235456]
Final_InfSP_payments = []
Individual_Profits_after_surplus_distribution = []
Topology= [(1, 1), (2, 1), (2, 2), (2, 4), (2, 5), (3, 1), (4, 2), (4, 3), (5, 1), (5, 2)]


--- New experiment --
Providers = 5
Topology = 7
Locations = 5
Requests = 20
Utilization = 1.0
VCG_payments = [65.4130445187984, 52027.0244493516, 73.4727184912626, 22414.3420702642, 60.2543773978396]
VCG_payments_total = 74640.5066600237
VSP_payments = [2314.7876566691343, 4693.708799603713, 4439.687898124182, 1386.0795277875857, 2906.34018441719, 3707.1017160216543, 3353.4497895124155, 2945.177047486518, 1729.6664988096675, 5334.642306500535, 2070.525714840289, 4443.850292855597, 4154.943080804411, 1376.4002208597976, 2795.1749287817365, 1677.8445857022605, 3672.4867620063246, 4240.230345525573, 4711.282053807887, 3536.8964813933953]
VSP_payments_total = 65490.27589150987
Surplus= -9150.23076851382
InfSP_costs = [60.4623115991603, 15044.8291408805, 70.3702579347282, 5504.78097559417, 51.7281173756955]
InfSP_total_cost = 20732.1708033842
Total_Profit = 53908.3358566395
Strategic_Provider = 1
Individual_Profit_VCG = [4.95073291963807, 36982.1953084711, 3.10246055653440, 16909.5610946701, 8.52626002214408]
Final_InfSP_payments = []
Individual_Profits_after_surplus_distribution = []
Topology= [(1, 1), (2, 1), (2, 2), (2, 4), (2, 5), (3, 1), (4, 2), (4, 3), (5, 1), (5, 2)]


--- New experiment --
Providers = 5
Topology = 7
Locations = 5
Requests = 30
Utilization = 0.8
VCG_payments = [78.7564879988349, 66547.4911847990, 90.0326347832161, 39028.6863031373, 1078.49560054633]
VCG_payments_total = 106823.462211265
VSP_payments = [2314.7876566691343, 4693.708799603713, 4439.687898124182, 1386.0795277875857, 2906.34018441719, 3707.1017160216543, 3353.4497895124155, 2945.177047486518, 1729.6664988096675, 5334.642306500535, 2070.525714840289, 4443.850292855597, 4154.943080804411, 1376.4002208597976, 2795.1749287817365, 1677.8445857022605, 3672.4867620063246, 4240.230345525573, 4711.282053807887, 3536.8964813933953, 2881.0464299503424, 1594.873383855404, 3973.7731259858133, 5161.7039665575385, 3346.9658026655234, 7847.215900236982, 4558.787192604188, 3478.3605590665775, 5111.205066753119, 6063.737184678848]
VSP_payments_total = 109507.9445038642
Surplus= -12337.5685822667
InfSP_costs = [62.8631155105677, 17560.9403876028, 72.3197535447497, 7228.93493752887, 777.015258353226]
InfSP_total_cost = 25702.0734525402
Total_Profit = 81121.3887587245
Strategic_Provider = 1
Individual_Profit_VCG = [15.8933724882672, 48986.5507971962, 17.7128812384664, 31799.7513656084, 301.480342193106]
Final_InfSP_payments = []
Individual_Profits_after_surplus_distribution = []
Topology= [(1, 1), (2, 1), (2, 2), (2, 4), (2, 5), (3, 1), (4, 2), (4, 3), (5, 1), (5, 2)]


--- New experiment --
Providers = 5
Topology = 7
Locations = 5
Requests = 50
Utilization = 0.7
VCG_payments = [107.282136719412, 104137.792586150, 108.617028502165, 56823.0429368154, 7061.56188049061]
VCG_payments_total = 168238.296568677
VSP_payments = [2314.7876566691343, 4693.708799603713, 4439.687898124182, 1386.0795277875857, 2906.34018441719, 3707.1017160216543, 3353.4497895124155, 2945.177047486518, 1729.6664988096675, 5334.642306500535, 2070.525714840289, 4443.850292855597, 4154.943080804411, 1376.4002208597976, 2795.1749287817365, 1677.8445857022605, 3672.4867620063246, 4240.230345525573, 4711.282053807887, 3536.8964813933953, 2881.0464299503424, 1594.873383855404, 3973.7731259858133, 5161.7039665575385, 3346.9658026655234, 7847.215900236982, 4558.787192604188, 3478.3605590665775, 5111.205066753119, 6063.737184678848, 6734.88516735489, 4079.223780162649, 4662.109931940351, 3406.25881038208, 3509.286782008998, 7038.770149070516, 4894.3999320031935, 2364.266231122536, 740.6907543991621, 4589.104079643335, 3519.952120146289, 4219.745152753584, 8859.970313971156, 2692.2959625617336, 4754.82642391799, 2433.787424102867, 6670.000114259449, 4950.119611462791, 4005.212019952392, 3719.9409117943637]
VSP_payments_total = 197352.79017687452
Surplus= -21831.7026464118
InfSP_costs = [67.5308791713423, 24562.6817434284, 67.2507735115175, 8077.23471076375, 5065.12827588549]
InfSP_total_cost = 37839.8263827605
Total_Profit = 130398.470185917
Strategic_Provider = 4
Individual_Profit_VCG = [39.7512575480696, 79575.1108427213, 41.3662549906479, 48745.8082260516, 1996.43360460512]
Final_InfSP_payments = []
Individual_Profits_after_surplus_distribution = []
Topology= [(1, 1), (2, 1), (2, 2), (2, 4), (2, 5), (3, 1), (4, 2), (4, 3), (5, 1), (5, 2)]


--- New experiment --
Providers = 5
Topology = 7
Locations = 5
Requests = 70
Utilization = 0.5714285714285714
VCG_payments = [108.689626735431, 112492.586608855, 111.804157858787, 59493.9814115877, 10001.0969669444]
VCG_payments_total = 182208.158771981
VSP_payments = [2314.7876566691343, 4693.708799603713, 4439.687898124182, 1386.0795277875857, 2906.34018441719, 3707.1017160216543, 3353.4497895124155, 2945.177047486518, 1729.6664988096675, 5334.642306500535, 2070.525714840289, 4443.850292855597, 4154.943080804411, 1376.4002208597976, 2795.1749287817365, 1677.8445857022605, 3672.4867620063246, 4240.230345525573, 4711.282053807887, 3536.8964813933953, 2881.0464299503424, 1594.873383855404, 3973.7731259858133, 5161.7039665575385, 3346.9658026655234, 7847.215900236982, 4558.787192604188, 3478.3605590665775, 5111.205066753119, 6063.737184678848, 6734.88516735489, 4079.223780162649, 4662.109931940351, 3406.25881038208, 3509.286782008998, 7038.770149070516, 4894.3999320031935, 2364.266231122536, 740.6907543991621, 4589.104079643335, 3519.952120146289, 4219.745152753584, 8859.970313971156, 2692.2959625617336, 4754.82642391799, 2433.787424102867, 6670.000114259449, 4950.119611462791, 4005.212019952392, 3719.9409117943637, 1742.2338846975179, 4488.1427571053355, 3336.9244974195885, 4018.5261339397393, 4006.1558518866873, 5355.144836828955, 4027.5815416549976, 2180.477461025796, 6602.935015719416, 5149.950947742355, 4649.1786807773005, 5787.951269335724, 1361.6956551215117, 4207.871713811752, 2956.713208141672, 3614.1247480934608, 4117.475776234819, 3653.8559854802943, 3552.9464923783044, 3475.363501200168]
VSP_payments_total = 275638.04013547
Surplus= -18455.0357047270
InfSP_costs = [63.7663539184105, 26066.0924512976, 68.9883835215862, 8480.75827515106, 6726.39280315195]
InfSP_total_cost = 41405.9982670406
Total_Profit = 140802.160504940
Strategic_Provider = 3
Individual_Profit_VCG = [44.9232728170209, 86426.4941575569, 42.8157743372010, 51013.2231364366, 3274.70416379244]
Final_InfSP_payments = []
Individual_Profits_after_surplus_distribution = []
Topology= [(1, 1), (2, 1), (2, 2), (2, 4), (2, 5), (3, 1), (4, 2), (4, 3), (5, 1), (5, 2)]


--- New experiment --
Providers = 5
Topology = 8
Locations = 5
Requests = 10
Utilization = 1.0
VCG_payments = [0.951473177443806, 0, 2623.67426222797, 2978.66106038053, 5357.50979887960]
VCG_payments_total = 10960.7965946655
VSP_payments = [3793.8643534887756, 2992.159299247189, 4967.7058866105, 4725.758460187777, 2721.0702026715235, 1285.091515854869, 2545.279089948949, 2689.3000246415895, 2968.2330693995773, 2779.314738637627]
VSP_payments_total = 31467.77664068838
Surplus= 20506.9800460228
InfSP_costs = [0.951473177443806, 0, 2305.17673081695, 1763.04327368861, 5159.56047422015]
InfSP_total_cost = 9228.73195190315
Total_Profit = 1732.06464276240
Strategic_Provider = 5
Individual_Profit_VCG = [0, 0, 318.497531411025, 1215.61778669192, 197.949324659454]
Final_InfSP_payments = []
Individual_Profits_after_surplus_distribution = []
Topology= [(1, 1), (1, 2), (2, 2), (2, 4), (3, 1), (3, 4), (3, 5), (4, 1), (4, 3), (5, 1), (5, 2), (5, 3), (5, 4), (5, 5)]


--- New experiment --
Providers = 5
Topology = 8
Locations = 5
Requests = 20
Utilization = 1.0
VCG_payments = [85.0030490366407, 551.156100147673, 5493.29306793492, 5492.04727732407, 9783.20826332622]
VCG_payments_total = 21404.7077577695
VSP_payments = [3793.8643534887756, 2992.159299247189, 4967.7058866105, 4725.758460187777, 2721.0702026715235, 1285.091515854869, 2545.279089948949, 2689.3000246415895, 2968.2330693995773, 2779.314738637627, 2333.327160797689, 8526.811666563304, 3611.0505413936307, 3777.3128605534694, 747.0436894370205, 1125.1944591647273, 2319.517792089668, 3635.325076066434, 5288.580278587142, 2939.688722150709]
VSP_payments_total = 65771.62888749217
Surplus= 44366.9211297227
InfSP_costs = [81.7358391104756, 39.3641047934109, 4550.94166183823, 3250.35686566683, 9370.42290478060]
InfSP_total_cost = 17292.8213761895
Total_Profit = 4111.88638157997
Strategic_Provider = 2
Individual_Profit_VCG = [3.26720992616512, 511.791995354262, 942.351406096689, 2241.69041165723, 412.785358545620]
Final_InfSP_payments = []
Individual_Profits_after_surplus_distribution = []
Topology= [(1, 1), (1, 2), (2, 2), (2, 4), (3, 1), (3, 4), (3, 5), (4, 1), (4, 3), (5, 1), (5, 2), (5, 3), (5, 4), (5, 5)]


--- New experiment --
Providers = 5
Topology = 8
Locations = 5
Requests = 30
Utilization = 1.0
VCG_payments = [150.655368319858, 5463.10552155395, 9737.80610064245, 9077.26892817878, 20316.1363324843]
VCG_payments_total = 44744.9722511793
VSP_payments = [3793.8643534887756, 2992.159299247189, 4967.7058866105, 4725.758460187777, 2721.0702026715235, 1285.091515854869, 2545.279089948949, 2689.3000246415895, 2968.2330693995773, 2779.314738637627, 2333.327160797689, 8526.811666563304, 3611.0505413936307, 3777.3128605534694, 747.0436894370205, 1125.1944591647273, 2319.517792089668, 3635.325076066434, 5288.580278587142, 2939.688722150709, 3590.313865320592, 4130.285923366642, 1818.918558747078, 5517.698990897643, 3972.583882707769, 5238.473894055022, 3246.49933377836, 4314.429533204043, 826.2112245014422, 5837.78690746622]
VSP_payments_total = 104264.83100153698
Surplus= 59519.8587503576
InfSP_costs = [135.133046823183, 1196.08740056229, 8021.23903645421, 5361.88895172984, 11716.3768644627]
InfSP_total_cost = 26430.7253000322
Total_Profit = 18314.2469511471
Strategic_Provider = 1
Individual_Profit_VCG = [15.5223214966747, 4267.01812099167, 1716.56706418825, 3715.37997644893, 8599.75946802155]
Final_InfSP_payments = []
Individual_Profits_after_surplus_distribution = []
Topology= [(1, 1), (1, 2), (2, 2), (2, 4), (3, 1), (3, 4), (3, 5), (4, 1), (4, 3), (5, 1), (5, 2), (5, 3), (5, 4), (5, 5)]


--- New experiment --
Providers = 5
Topology = 8
Locations = 5
Requests = 50
Utilization = 0.98
VCG_payments = [3497.17704209624, 26955.7541762412, 23470.1838713013, 13478.8392629762, 52275.5476550702]
VCG_payments_total = 119677.502007685
VSP_payments = [3793.8643534887756, 2992.159299247189, 4967.7058866105, 4725.758460187777, 2721.0702026715235, 1285.091515854869, 2545.279089948949, 2689.3000246415895, 2968.2330693995773, 2779.314738637627, 2333.327160797689, 8526.811666563304, 3611.0505413936307, 3777.3128605534694, 747.0436894370205, 1125.1944591647273, 2319.517792089668, 3635.325076066434, 5288.580278587142, 2939.688722150709, 3590.313865320592, 4130.285923366642, 1818.918558747078, 5517.698990897643, 3972.583882707769, 5238.473894055022, 3246.49933377836, 4314.429533204043, 826.2112245014422, 5837.78690746622, 4016.392887906565, 4987.030564931447, 3591.177544796748, 3276.8416567788654, 2193.042449750538, 4392.386721119467, 2466.5334478875843, 4920.510812100215, 3399.8508716294336, 4108.758973300395, 1472.3734129743464, 4136.3456385073205, 4236.730530612385, 4064.898795231524, 3583.3572883317333, 4808.114200517977, 4158.651320536912, 300.15908301727774, 2960.803128661028, 2792.3358949390636]
VSP_payments_total = 174131.1262250678
Surplus= 54153.4651343654
InfSP_costs = [2380.77982432506, 4803.52983485933, 13563.6669738385, 8028.98961159207, 16537.1149282938]
InfSP_total_cost = 45314.0811729088
Total_Profit = 74363.4208347763
Strategic_Provider = 3
Individual_Profit_VCG = [1116.39721777118, 22152.2243413819, 9906.51689746279, 5449.84965138410, 35738.4327267764]
Final_InfSP_payments = []
Individual_Profits_after_surplus_distribution = []
Topology= [(1, 1), (1, 2), (2, 2), (2, 4), (3, 1), (3, 4), (3, 5), (4, 1), (4, 3), (5, 1), (5, 2), (5, 3), (5, 4), (5, 5)]


--- New experiment --
Providers = 5
Topology = 8
Locations = 5
Requests = 70
Utilization = 0.9857142857142858
VCG_payments = [7490.13146776208, 60962.7168104601, 41076.7871710201, 19980.9851476221, 77047.9896830598]
VCG_payments_total = 206558.610279924
VSP_payments = [3793.8643534887756, 2992.159299247189, 4967.7058866105, 4725.758460187777, 2721.0702026715235, 1285.091515854869, 2545.279089948949, 2689.3000246415895, 2968.2330693995773, 2779.314738637627, 2333.327160797689, 8526.811666563304, 3611.0505413936307, 3777.3128605534694, 747.0436894370205, 1125.1944591647273, 2319.517792089668, 3635.325076066434, 5288.580278587142, 2939.688722150709, 3590.313865320592, 4130.285923366642, 1818.918558747078, 5517.698990897643, 3972.583882707769, 5238.473894055022, 3246.49933377836, 4314.429533204043, 826.2112245014422, 5837.78690746622, 4016.392887906565, 4987.030564931447, 3591.177544796748, 3276.8416567788654, 2193.042449750538, 4392.386721119467, 2466.5334478875843, 4920.510812100215, 3399.8508716294336, 4108.758973300395, 1472.3734129743464, 4136.3456385073205, 4236.730530612385, 4064.898795231524, 3583.3572883317333, 4808.114200517977, 4158.651320536912, 300.15908301727774, 2960.803128661028, 2792.3358949390636, 3549.696999847587, 3653.361248135683, 4473.686756749854, 7112.4467767778115, 3192.64613031512, 2349.1551898508646, 5048.995340859092, 5544.517784429236, 2963.460055392996, 2205.7154590226414, 4674.627705671608, 2645.095802015728, 1999.2869454809731, 3798.3685860924015, 2605.4675299969103, 4757.639656171744, 6174.889146365377, 3377.866972513, 1694.018794532768, 1456.2177331283951]
VSP_payments_total = 247408.2868384176
Surplus= 40549.5174754764
InfSP_costs = [5120.68821131690, 9757.80353816001, 14887.2780209460, 12989.7444361229, 25933.1471454205]
InfSP_total_cost = 68688.6613519664
Total_Profit = 137869.948927958
Strategic_Provider = 1
Individual_Profit_VCG = [2369.44325644518, 51204.9132723001, 26189.5091500741, 6991.24071149915, 51114.8425376392]
Final_InfSP_payments = []
Individual_Profits_after_surplus_distribution = []
Topology= [(1, 1), (1, 2), (2, 2), (2, 4), (3, 1), (3, 4), (3, 5), (4, 1), (4, 3), (5, 1), (5, 2), (5, 3), (5, 4), (5, 5)]


--- New experiment --
Providers = 5
Topology = 9
Locations = 5
Requests = 10
Utilization = 1.0
VCG_payments = [1846.44387768171, 19538.8616416680, 28.5946433741228, 5365.58517589833, 41.0530574579934]
VCG_payments_total = 26820.5383960802
VSP_payments = [3187.5666587872042, 3395.4953274921672, 4020.7646042794345, 3805.9609547333735, 3057.1278115321716, 5611.139925841324, 4914.278227112102, 6081.726324029829, 4623.7111893580295, 3023.8644581108674]
VSP_payments_total = 41721.635481276506
Surplus= 14901.0970851964
InfSP_costs = [1698.03085849590, 5100.61195841328, 26.2548905791873, 5133.00019105952, 39.9286382720277]
InfSP_total_cost = 11997.8265368199
Total_Profit = 14822.7118592602
Strategic_Provider = 2
Individual_Profit_VCG = [148.413019185807, 14438.2496832547, 2.33975279493551, 232.584984838816, 1.12441918596575]
Final_InfSP_payments = []
Individual_Profits_after_surplus_distribution = []
Topology= [(1, 1), (1, 5), (2, 1), (2, 2), (2, 4), (2, 5), (3, 1), (3, 5), (4, 1), (4, 2), (4, 3), (4, 5), (5, 1), (5, 3)]


--- New experiment --
Providers = 5
Topology = 9
Locations = 5
Requests = 20
Utilization = 0.95
VCG_payments = [4061.27708911946, 38479.9257084805, 30.5654457068085, 9727.90968014058, 4017.78411764521]
VCG_payments_total = 56317.4620410926
VSP_payments = [3187.5666587872042, 3395.4953274921672, 4020.7646042794345, 3805.9609547333735, 3057.1278115321716, 5611.139925841324, 4914.278227112102, 6081.726324029829, 4623.7111893580295, 3023.8644581108674, 3697.8268250977435, 3058.4779082348377, 4189.658831222335, 1958.9998007451452, 3670.3510563844457, 3429.5988497359594, 1679.5848414201455, 8249.055246286054, 1618.3459398565126, 3416.4143132608965]
VSP_payments_total = 76689.94909352058
Surplus= 18413.4872516829
InfSP_costs = [3734.11059970129, 9910.05531775649, 28.2358099936697, 8615.15096450429, 47.0963906613374]
InfSP_total_cost = 22334.6490826171
Total_Profit = 33982.8129584755
Strategic_Provider = 2
Individual_Profit_VCG = [327.166489418168, 28569.8703907240, 2.32963571313882, 1112.75871563629, 3970.68772698387]
Final_InfSP_payments = []
Individual_Profits_after_surplus_distribution = []
Topology= [(1, 1), (1, 5), (2, 1), (2, 2), (2, 4), (2, 5), (3, 1), (3, 5), (4, 1), (4, 2), (4, 3), (4, 5), (5, 1), (5, 3)]


--- New experiment --
Providers = 5
Topology = 9
Locations = 5
Requests = 30
Utilization = 0.8
VCG_payments = [4177.89820416133, 42646.4995388644, 31.2248744149256, 15234.7613765845, 3779.07578545609]
VCG_payments_total = 65869.4597794813
VSP_payments = [3187.5666587872042, 3395.4953274921672, 4020.7646042794345, 3805.9609547333735, 3057.1278115321716, 5611.139925841324, 4914.278227112102, 6081.726324029829, 4623.7111893580295, 3023.8644581108674, 3697.8268250977435, 3058.4779082348377, 4189.658831222335, 1958.9998007451452, 3670.3510563844457, 3429.5988497359594, 1679.5848414201455, 8249.055246286054, 1618.3459398565126, 3416.4143132608965, 3679.8989126383262, 4661.392857671611, 4483.555850338908, 3295.19396265674, 2377.609214292893, 3258.403622643584, 3926.0342049569113, 3425.5907000842185, 1835.2232478397357, 2149.7266619690367]
VSP_payments_total = 109782.57832861254
Surplus= 26654.6752980975
InfSP_costs = [3840.39650970452, 11459.3029041660, 28.3435491349753, 10842.2369723420, 360.058808211891]
InfSP_total_cost = 26530.3387435594
Total_Profit = 39339.1210359218
Strategic_Provider = 5
Individual_Profit_VCG = [337.501694456814, 31187.1966346984, 2.88132527995030, 4392.52440424249, 3419.01697724420]
Final_InfSP_payments = []
Individual_Profits_after_surplus_distribution = []
Topology= [(1, 1), (1, 5), (2, 1), (2, 2), (2, 4), (2, 5), (3, 1), (3, 5), (4, 1), (4, 2), (4, 3), (4, 5), (5, 1), (5, 3)]


--- New experiment --
Providers = 5
Topology = 9
Locations = 5
Requests = 50
Utilization = 0.66
VCG_payments = [4183.75441244837, 61530.9804768496, 31.4285659452871, 39902.1506440638, 25049.1889302424]
VCG_payments_total = 130697.503029549
VSP_payments = [3187.5666587872042, 3395.4953274921672, 4020.7646042794345, 3805.9609547333735, 3057.1278115321716, 5611.139925841324, 4914.278227112102, 6081.726324029829, 4623.7111893580295, 3023.8644581108674, 3697.8268250977435, 3058.4779082348377, 4189.658831222335, 1958.9998007451452, 3670.3510563844457, 3429.5988497359594, 1679.5848414201455, 8249.055246286054, 1618.3459398565126, 3416.4143132608965, 3679.8989126383262, 4661.392857671611, 4483.555850338908, 3295.19396265674, 2377.609214292893, 3258.403622643584, 3926.0342049569113, 3425.5907000842185, 1835.2232478397357, 2149.7266619690367, 3907.9403513623975, 4575.68083910492, 3014.9374924387666, 4117.00437260507, 3552.7105558398384, 3160.2711605355703, 9841.577830083468, 3423.1503721095064, 2908.02149727194, 1528.6899822852051, 1893.948663767475, 2741.0600888719964, 2297.4381696889445, 7866.604948872149, 2841.708143122617, 2409.7971011767518, 6519.575581494846, 8375.472462966974, 4998.069428051219, 4689.753256539035]
VSP_payments_total = 194445.99062680115
Surplus= 12040.1397702366
InfSP_costs = [3841.23492069643, 14678.3505935808, 28.2321842121100, 14568.1566846552, 2504.55605043963]
InfSP_total_cost = 35620.5304335842
Total_Profit = 95076.9725959652
Strategic_Provider = 2
Individual_Profit_VCG = [342.519491751934, 46852.6298832688, 3.19638173317715, 25333.9939594085, 22544.6328798027]
Final_InfSP_payments = []
Individual_Profits_after_surplus_distribution = []
Topology= [(1, 1), (1, 5), (2, 1), (2, 2), (2, 4), (2, 5), (3, 1), (3, 5), (4, 1), (4, 2), (4, 3), (4, 5), (5, 1), (5, 3)]


--- New experiment --
Providers = 5
Topology = 9
Locations = 5
Requests = 70
Utilization = 0.4857142857142857
VCG_payments = [4185.79001203488, 62928.2218809416, 33.6133277657500, 46892.1142781819, 28454.6986751900]
VCG_payments_total = 142494.438174114
VSP_payments = [3187.5666587872042, 3395.4953274921672, 4020.7646042794345, 3805.9609547333735, 3057.1278115321716, 5611.139925841324, 4914.278227112102, 6081.726324029829, 4623.7111893580295, 3023.8644581108674, 3697.8268250977435, 3058.4779082348377, 4189.658831222335, 1958.9998007451452, 3670.3510563844457, 3429.5988497359594, 1679.5848414201455, 8249.055246286054, 1618.3459398565126, 3416.4143132608965, 3679.8989126383262, 4661.392857671611, 4483.555850338908, 3295.19396265674, 2377.609214292893, 3258.403622643584, 3926.0342049569113, 3425.5907000842185, 1835.2232478397357, 2149.7266619690367, 3907.9403513623975, 4575.68083910492, 3014.9374924387666, 4117.00437260507, 3552.7105558398384, 3160.2711605355703, 9841.577830083468, 3423.1503721095064, 2908.02149727194, 1528.6899822852051, 1893.948663767475, 2741.0600888719964, 2297.4381696889445, 7866.604948872149, 2841.708143122617, 2409.7971011767518, 6519.575581494846, 8375.472462966974, 4998.069428051219, 4689.753256539035, 4299.598969106076, 1679.325822750494, 3056.295836214226, 2162.0036830337303, 5976.08375902087, 2358.3817581319267, 4538.327348493376, 6331.732670583263, 2831.593332171628, 2429.202072717706, 1910.329238659375, 4060.148500101197, 4621.821235804735, 4560.423889957876, 4407.788945193741, 2543.84217120905, 3967.279169915235, 4648.653327488895, 2844.8312053821132, 3889.237844972735]
VSP_payments_total = 267562.89140770945
Surplus= 13789.6815176830
InfSP_costs = [3841.36269048902, 15370.7005304823, 29.8471041381341, 15703.9144173479, 1583.66766103604]
InfSP_total_cost = 36529.4924034934
Total_Profit = 105964.945770621
Strategic_Provider = 4
Individual_Profit_VCG = [344.427321545863, 47557.5213504593, 3.76622362761585, 31188.1998608341, 26871.0310141539]
Final_InfSP_payments = []
Individual_Profits_after_surplus_distribution = []
Topology= [(1, 1), (1, 5), (2, 1), (2, 2), (2, 4), (2, 5), (3, 1), (3, 5), (4, 1), (4, 2), (4, 3), (4, 5), (5, 1), (5, 3)]


--- New experiment --
Providers = 5
Topology = 10
Locations = 5
Requests = 10
Utilization = 0.9
VCG_payments = [64.5448375752239, 16292.7560832409, 5137.09723722679, 1998.94068683830, 60.3211398941967]
VCG_payments_total = 23553.6599847754
VSP_payments = [2504.9391559389346, 2834.5776079754487, 2924.2108044754605, 3023.346758055331, 4611.68627749816, 4222.157308546934, 5749.285289322184, 1740.0118976547762, 4658.930820480268, 346.71085051013154]
VSP_payments_total = 32615.856770457627
Surplus= 8715.48593517206
InfSP_costs = [63.9906805635212, 2316.98774985210, 4486.38238981213, 1816.60102346833, 59.7011674378785]
InfSP_total_cost = 8743.66301113396
Total_Profit = 14809.9969736415
Strategic_Provider = 3
Individual_Profit_VCG = [0.554157011702756, 13975.7683333888, 650.714847414655, 182.339663369980, 0.619972456318223]
Final_InfSP_payments = []
Individual_Profits_after_surplus_distribution = []
Topology= [(1, 4), (1, 5), (2, 1), (2, 3), (3, 1), (3, 2), (3, 4), (3, 5), (4, 1), (4, 4), (5, 2), (5, 4), (5, 5)]


--- New experiment --
Providers = 5
Topology = 10
Locations = 5
Requests = 20
Utilization = 0.95
VCG_payments = [64.3994752483341, 31272.3823630995, 11379.0639656625, 4578.92767595633, 69.6931111224258]
VCG_payments_total = 47364.4665910891
VSP_payments = [2504.9391559389346, 2834.5776079754487, 2924.2108044754605, 3023.346758055331, 4611.68627749816, 4222.157308546934, 5749.285289322184, 1740.0118976547762, 4658.930820480268, 346.71085051013154, 2742.4888353463243, 3331.8621352106234, 2811.4439030750677, 3059.281317666732, 5155.280960792324, 2821.6794300383795, 3002.2321497197895, 4362.553058522472, 1654.598831068905, 2408.8051477962863]
VSP_payments_total = 63966.08253969453
Surplus= 16254.9050980953
InfSP_costs = [61.7523693273262, 4775.03248662216, 10095.9366060345, 4161.22377447277, 65.5737496301186]
InfSP_total_cost = 19159.5189860869
Total_Profit = 28204.9476050022
Strategic_Provider = 4
Individual_Profit_VCG = [2.64710592100787, 26497.3498764774, 1283.12735962799, 417.703901483555, 4.11936149230719]
Final_InfSP_payments = []
Individual_Profits_after_surplus_distribution = []
Topology= [(1, 4), (1, 5), (2, 1), (2, 3), (3, 1), (3, 2), (3, 4), (3, 5), (4, 1), (4, 4), (5, 2), (5, 4), (5, 5)]


--- New experiment --
Providers = 5
Topology = 10
Locations = 5
Requests = 30
Utilization = 0.9333333333333333
VCG_payments = [72.6415480883297, 45349.8582273416, 17672.7335133778, 4633.15618764282, 161.025977362529]
VCG_payments_total = 67889.4154538130
VSP_payments = [2504.9391559389346, 2834.5776079754487, 2924.2108044754605, 3023.346758055331, 4611.68627749816, 4222.157308546934, 5749.285289322184, 1740.0118976547762, 4658.930820480268, 346.71085051013154, 2742.4888353463243, 3331.8621352106234, 2811.4439030750677, 3059.281317666732, 5155.280960792324, 2821.6794300383795, 3002.2321497197895, 4362.553058522472, 1654.598831068905, 2408.8051477962863, 4537.843469827779, 6909.468471091635, 4172.126155934275, 1351.919588899271, 2163.7471720331587, 3829.337064086859, 2974.8688174277468, 4305.235090857769, 3005.3813616919706, 4618.567969798875]
VSP_payments_total = 101834.57770134386
Surplus= 32246.5318081215
InfSP_costs = [67.7944638705819, 8148.70457646466, 15428.3362192007, 4215.11823854005, 149.389691970647]
InfSP_total_cost = 28009.3431900466
Total_Profit = 39880.0722637664
Strategic_Provider = 3
Individual_Profit_VCG = [4.84708421774783, 37201.1536508769, 2244.39729417709, 418.037949102770, 11.6362853918820]
Final_InfSP_payments = []
Individual_Profits_after_surplus_distribution = []
Topology= [(1, 4), (1, 5), (2, 1), (2, 3), (3, 1), (3, 2), (3, 4), (3, 5), (4, 1), (4, 4), (5, 2), (5, 4), (5, 5)]


--- New experiment --
Providers = 5
Topology = 10
Locations = 5
Requests = 50
Utilization = 0.96
VCG_payments = [8685.13274682868, 67877.4379939504, 40936.4335377847, 7165.60547563780, 11958.1313544314]
VCG_payments_total = 136622.741108633
VSP_payments = [2504.9391559389346, 2834.5776079754487, 2924.2108044754605, 3023.346758055331, 4611.68627749816, 4222.157308546934, 5749.285289322184, 1740.0118976547762, 4658.930820480268, 346.71085051013154, 2742.4888353463243, 3331.8621352106234, 2811.4439030750677, 3059.281317666732, 5155.280960792324, 2821.6794300383795, 3002.2321497197895, 4362.553058522472, 1654.598831068905, 2408.8051477962863, 4537.843469827779, 6909.468471091635, 4172.126155934275, 1351.919588899271, 2163.7471720331587, 3829.337064086859, 2974.8688174277468, 4305.235090857769, 3005.3813616919706, 4618.567969798875, 4143.662323315577, 1194.3082717606287, 2657.499348716049, 5695.240795160916, 8823.433407373193, 2983.422975954727, 2078.919862836942, 2870.314725286757, 4856.310433274377, 2979.722111899111, 6953.721860598895, 6623.1564750479365, 1922.9684891559846, 6023.344146516163, 5358.372703147901, 3030.819198708473, 3320.1667345642772, 4771.330012995727, 2139.9511815367828, 4072.572769107116]
VSP_payments_total = 184333.8155283014
Surplus= 46012.4439802589
InfSP_costs = [3624.23485731552, 15331.0542717243, 22707.5664745733, 4283.17477295407, 3478.71189700262]
InfSP_total_cost = 49424.7422735698
Total_Profit = 87197.9988350632
Strategic_Provider = 1
Individual_Profit_VCG = [5060.89788951316, 52546.3837222261, 18228.8670632114, 2882.43070268373, 8479.41945742881]
Final_InfSP_payments = []
Individual_Profits_after_surplus_distribution = []
Topology= [(1, 4), (1, 5), (2, 1), (2, 3), (3, 1), (3, 2), (3, 4), (3, 5), (4, 1), (4, 4), (5, 2), (5, 4), (5, 5)]


--- New experiment --
Providers = 5
Topology = 10
Locations = 5
Requests = 70
Utilization = 0.8714285714285714
VCG_payments = [20311.8747278472, 99460.7574026096, 58637.9812275899, 11269.2864779291, 29627.2046918842]
VCG_payments_total = 219307.104527860
VSP_payments = [2504.9391559389346, 2834.5776079754487, 2924.2108044754605, 3023.346758055331, 4611.68627749816, 4222.157308546934, 5749.285289322184, 1740.0118976547762, 4658.930820480268, 346.71085051013154, 2742.4888353463243, 3331.8621352106234, 2811.4439030750677, 3059.281317666732, 5155.280960792324, 2821.6794300383795, 3002.2321497197895, 4362.553058522472, 1654.598831068905, 2408.8051477962863, 4537.843469827779, 6909.468471091635, 4172.126155934275, 1351.919588899271, 2163.7471720331587, 3829.337064086859, 2974.8688174277468, 4305.235090857769, 3005.3813616919706, 4618.567969798875, 4143.662323315577, 1194.3082717606287, 2657.499348716049, 5695.240795160916, 8823.433407373193, 2983.422975954727, 2078.919862836942, 2870.314725286757, 4856.310433274377, 2979.722111899111, 6953.721860598895, 6623.1564750479365, 1922.9684891559846, 6023.344146516163, 5358.372703147901, 3030.819198708473, 3320.1667345642772, 4771.330012995727, 2139.9511815367828, 4072.572769107116, 4525.750564523774, 3295.0943453056434, 1752.757131551657, 1886.1934659239819, 1265.4198948001474, 2918.619458495307, 3787.332119234043, 4002.186919173497, 3328.9851455319435, 9218.13283882743, 1990.0371979298984, 5123.786030130071, 3119.2159350211114, 2333.0163883553264, 4028.770834325364, 1274.6867933863298, 3462.4095930876215, 2806.3726679776623, 2573.0201668795676, 3685.8757795285087]
VSP_payments_total = 250711.47879829034
Surplus= 13481.1897117253
InfSP_costs = [7652.12183192000, 19377.9152575094, 24883.2826220454, 4283.33522973065, 7088.31217469389]
InfSP_total_cost = 63284.9671158994
Total_Profit = 156022.137411961
Strategic_Provider = 2
Individual_Profit_VCG = [12659.7528959272, 80082.8421451002, 33754.6986055445, 6985.95124819842, 22538.8925171903]
Final_InfSP_payments = []
Individual_Profits_after_surplus_distribution = []
Topology= [(1, 4), (1, 5), (2, 1), (2, 3), (3, 1), (3, 2), (3, 4), (3, 5), (4, 1), (4, 4), (5, 2), (5, 4), (5, 5)]


--- New experiment --
Providers = 5
Topology = 11
Locations = 5
Requests = 10
Utilization = 0.9
VCG_payments = [3619.27731336399, 1221.01339213544, 6538.72400252413, 138.701191942087, 0]
VCG_payments_total = 11517.7158999656
VSP_payments = [861.8111755365211, 2431.0448575570526, 5579.332656925878, 5492.87008178014, 2472.566796974918, 1292.975150984359, 3608.0111098452953, 1786.4196154449487, 3644.203681556554, 4270.969200602647]
VSP_payments_total = 31440.204327208317
Surplus= 19060.6772517062
InfSP_costs = [3495.51553701042, 439.372005066395, 6251.20595503623, 136.776888178385, 0]
InfSP_total_cost = 10322.8703852914
Total_Profit = 1194.84551467422
Strategic_Provider = 1
Individual_Profit_VCG = [123.761776353570, 781.641387069044, 287.518047487899, 1.92430376370274, 0]
Final_InfSP_payments = []
Individual_Profits_after_surplus_distribution = []
Topology= [(1, 2), (2, 1), (2, 3), (2, 4), (2, 5), (3, 1), (3, 3), (3, 4), (4, 1), (4, 2), (4, 3), (5, 1)]


--- New experiment --
Providers = 5
Topology = 11
Locations = 5
Requests = 20
Utilization = 0.95
VCG_payments = [6447.83218190471, 14058.9050007983, 13964.8998894991, 148.241160349338, 42.1383509281077]
VCG_payments_total = 34662.0165834795
VSP_payments = [861.8111755365211, 2431.0448575570526, 5579.332656925878, 5492.87008178014, 2472.566796974918, 1292.975150984359, 3608.0111098452953, 1786.4196154449487, 3644.203681556554, 4270.969200602647, 2847.7067126380434, 3141.4882846382084, 1905.2053488290662, 2379.3447819840576, 1770.890094304956, 2702.229591336229, 2330.8152341120785, 3089.151764044594, 4390.38436731266, 3106.9691920950236]
VSP_payments_total = 59104.38969850325
Surplus= 23580.5619394872
InfSP_costs = [6227.15261086580, 2147.03468400458, 10832.7914799859, 130.913011645119, 41.9018259365425]
InfSP_total_cost = 19379.7936124379
Total_Profit = 15282.2229710415
Strategic_Provider = 1
Individual_Profit_VCG = [220.679571038904, 11911.8703167937, 3132.10840951316, 17.3281487042192, 0.236524991565190]
Final_InfSP_payments = []
Individual_Profits_after_surplus_distribution = []
Topology= [(1, 2), (2, 1), (2, 3), (2, 4), (2, 5), (3, 1), (3, 3), (3, 4), (4, 1), (4, 2), (4, 3), (5, 1)]


--- New experiment --
Providers = 5
Topology = 11
Locations = 5
Requests = 30
Utilization = 0.9666666666666667
VCG_payments = [20148.5992103207, 25206.7261669154, 31637.1242135209, 9142.10350153757, 72.5661260070192]
VCG_payments_total = 86207.1192183017
VSP_payments = [861.8111755365211, 2431.0448575570526, 5579.332656925878, 5492.87008178014, 2472.566796974918, 1292.975150984359, 3608.0111098452953, 1786.4196154449487, 3644.203681556554, 4270.969200602647, 2847.7067126380434, 3141.4882846382084, 1905.2053488290662, 2379.3447819840576, 1770.890094304956, 2702.229591336229, 2330.8152341120785, 3089.151764044594, 4390.38436731266, 3106.9691920950236, 4528.290740989437, 3354.78612484411, 3608.187739761645, 4980.282213059104, 4081.23267603336, 3551.971682038863, 7200.391706787356, 3558.0865064840086, 5583.706503087139, 2273.3402262514946]
VSP_payments_total = 101824.66581783976
Surplus= 14755.7354240015
InfSP_costs = [10908.6492378843, 4115.32408226975, 17452.1741441147, 141.071590757039, 55.3333875293320]
InfSP_total_cost = 32672.5524425551
Total_Profit = 53534.5667757466
Strategic_Provider = 5
Individual_Profit_VCG = [9239.94997243648, 21091.4020846457, 14184.9500694062, 9001.03191078053, 17.2327384776872]
Final_InfSP_payments = []
Individual_Profits_after_surplus_distribution = []
Topology= [(1, 2), (2, 1), (2, 3), (2, 4), (2, 5), (3, 1), (3, 3), (3, 4), (4, 1), (4, 2), (4, 3), (5, 1)]


--- New experiment --
Providers = 5
Topology = 11
Locations = 5
Requests = 50
Utilization = 0.76
VCG_payments = [31199.6736293274, 37792.9962077610, 36459.3451806334, 24716.1697778925, 82.1903974269517]
VCG_payments_total = 130250.375193041
VSP_payments = [861.8111755365211, 2431.0448575570526, 5579.332656925878, 5492.87008178014, 2472.566796974918, 1292.975150984359, 3608.0111098452953, 1786.4196154449487, 3644.203681556554, 4270.969200602647, 2847.7067126380434, 3141.4882846382084, 1905.2053488290662, 2379.3447819840576, 1770.890094304956, 2702.229591336229, 2330.8152341120785, 3089.151764044594, 4390.38436731266, 3106.9691920950236, 4528.290740989437, 3354.78612484411, 3608.187739761645, 4980.282213059104, 4081.23267603336, 3551.971682038863, 7200.391706787356, 3558.0865064840086, 5583.706503087139, 2273.3402262514946, 3787.947144359319, 4391.663690548245, 3665.6872394404995, 3343.0452022891473, 3868.913855065169, 5974.290498964088, 6623.116911192337, 2673.632581714104, 3127.578232319279, 3023.6068922001973, 3866.621534516485, 1430.169225029227, 7088.744947985768, 1537.7122513084043, 2748.3720886787128, 4222.3782340343005, 3369.9015276787063, 4410.41174301793, 2849.0435987721594, 4889.199889100764]
VSP_payments_total = 178716.7031060546
Surplus= 17682.3629504916
InfSP_costs = [11918.9961386289, 7507.78661149205, 19372.2431490644, 1484.23287034321, 62.3134138923057]
InfSP_total_cost = 40345.5721834209
Total_Profit = 89904.8030096203
Strategic_Provider = 5
Individual_Profit_VCG = [19280.6774906985, 30285.2095962690, 17087.1020315690, 23231.9369075492, 19.8769835346460]
Final_InfSP_payments = []
Individual_Profits_after_surplus_distribution = []
Topology= [(1, 2), (2, 1), (2, 3), (2, 4), (2, 5), (3, 1), (3, 3), (3, 4), (4, 1), (4, 2), (4, 3), (5, 1)]


--- New experiment --
Providers = 5
Topology = 11
Locations = 5
Requests = 70
Utilization = 0.6285714285714286
VCG_payments = [34427.1393612877, 53300.0186893210, 45851.5865482672, 35766.8705328611, 81.1294188426109]
VCG_payments_total = 169426.744550580
VSP_payments = [861.8111755365211, 2431.0448575570526, 5579.332656925878, 5492.87008178014, 2472.566796974918, 1292.975150984359, 3608.0111098452953, 1786.4196154449487, 3644.203681556554, 4270.969200602647, 2847.7067126380434, 3141.4882846382084, 1905.2053488290662, 2379.3447819840576, 1770.890094304956, 2702.229591336229, 2330.8152341120785, 3089.151764044594, 4390.38436731266, 3106.9691920950236, 4528.290740989437, 3354.78612484411, 3608.187739761645, 4980.282213059104, 4081.23267603336, 3551.971682038863, 7200.391706787356, 3558.0865064840086, 5583.706503087139, 2273.3402262514946, 3787.947144359319, 4391.663690548245, 3665.6872394404995, 3343.0452022891473, 3868.913855065169, 5974.290498964088, 6623.116911192337, 2673.632581714104, 3127.578232319279, 3023.6068922001973, 3866.621534516485, 1430.169225029227, 7088.744947985768, 1537.7122513084043, 2748.3720886787128, 4222.3782340343005, 3369.9015276787063, 4410.41174301793, 2849.0435987721594, 4889.199889100764, 3287.011522550514, 3433.58380182777, 6753.234519887357, 2714.4900460046742, 4955.3712652227705, 3857.536193541508, 3744.9883922104455, 2172.679154853158, 3403.879186911826, 5007.974530807871, 3996.138995953517, 3057.8149014617343, 6170.656415941083, 5159.885050665071, 2805.727364732899, 2842.404326102547, 2989.492307306508, 4527.798389310334, 3727.8053666286905, 5239.01797066496]
VSP_payments_total = 258564.19280863987
Surplus= 13112.6460747531
InfSP_costs = [12456.1849072744, 10231.9738717877, 19505.6204575064, 3211.07126461383, 61.9598619229462]
InfSP_total_cost = 45466.8103631052
Total_Profit = 123959.934187474
Strategic_Provider = 4
Individual_Profit_VCG = [21970.9544540133, 43068.0448175333, 26345.9660907608, 32555.7992682473, 19.1695569196647]
Final_InfSP_payments = []
Individual_Profits_after_surplus_distribution = []
Topology= [(1, 2), (2, 1), (2, 3), (2, 4), (2, 5), (3, 1), (3, 3), (3, 4), (4, 1), (4, 2), (4, 3), (5, 1)]


--- New experiment --
Providers = 5
Topology = 12
Locations = 5
Requests = 10
Utilization = 1.0
VCG_payments = [0.0661765445365745, 946.422540473846, 4738.89454290829, 16998.6133263792, 4634.91152907846]
VCG_payments_total = 27318.9081153843
VSP_payments = [3049.5572046793186, 3679.948737258775, 9380.773493812843, 2835.754785957051, 2907.537363952023, 5238.777360311256, 2028.7454842599209, 3235.134907678586, 4324.312742525231, 1929.537510623218]
VSP_payments_total = 38610.07959105822
Surplus= 11291.1714756739
InfSP_costs = [0, 931.537656347793, 2928.99273219731, 2176.55135052052, 4452.86489272349]
InfSP_total_cost = 10489.9466317891
Total_Profit = 16828.9614835952
Strategic_Provider = 5
Individual_Profit_VCG = [0.0661765445365745, 14.8848841260531, 1809.90181071098, 14822.0619758587, 182.046636354969]
Final_InfSP_payments = []
Individual_Profits_after_surplus_distribution = []
Topology= [(1, 2), (2, 4), (3, 1), (3, 4), (3, 5), (4, 1), (4, 2), (4, 3), (4, 4), (5, 1), (5, 2), (5, 4), (5, 5)]


--- New experiment --
Providers = 5
Topology = 12
Locations = 5
Requests = 20
Utilization = 0.95
VCG_payments = [0, 3154.96138211442, 7890.75351452489, 23847.0331433330, 11823.4085613287]
VCG_payments_total = 46716.1566013010
VSP_payments = [3049.5572046793186, 3679.948737258775, 9380.773493812843, 2835.754785957051, 2907.537363952023, 5238.777360311256, 2028.7454842599209, 3235.134907678586, 4324.312742525231, 1929.537510623218, 3456.3480422346156, 1167.2573824704634, 2383.0561145254514, 3036.2812261155705, 2542.206884193193, 5536.587992604359, 3689.8809597794684, 2477.9092129741516, 2461.1589113058344, 5804.39815171842]
VSP_payments_total = 71165.16446897975
Surplus= 23281.7504852082
InfSP_costs = [0, 3105.48655782846, 4862.44385353042, 3141.18379089047, 7989.37419900706]
InfSP_total_cost = 19098.4884012564
Total_Profit = 27617.6682000446
Strategic_Provider = 4
Individual_Profit_VCG = [0, 49.4748242859646, 3028.30966099448, 20705.8493524425, 3834.03436232165]
Final_InfSP_payments = []
Individual_Profits_after_surplus_distribution = []
Topology= [(1, 2), (2, 4), (3, 1), (3, 4), (3, 5), (4, 1), (4, 2), (4, 3), (4, 4), (5, 1), (5, 2), (5, 4), (5, 5)]


--- New experiment --
Providers = 5
Topology = 12
Locations = 5
Requests = 30
Utilization = 0.8666666666666667
VCG_payments = [62.5605831029825, 4973.64045677564, 10201.1060784747, 41271.5129848299, 21385.1034327662]
VCG_payments_total = 77893.9235359494
VSP_payments = [3049.5572046793186, 3679.948737258775, 9380.773493812843, 2835.754785957051, 2907.537363952023, 5238.777360311256, 2028.7454842599209, 3235.134907678586, 4324.312742525231, 1929.537510623218, 3456.3480422346156, 1167.2573824704634, 2383.0561145254514, 3036.2812261155705, 2542.206884193193, 5536.587992604359, 3689.8809597794684, 2477.9092129741516, 2461.1589113058344, 5804.39815171842, 5285.680408738388, 3337.19760266576, 3650.625908149203, 3457.541751227205, 3032.771463481002, 6617.801753501688, 6678.957008411224, 3430.747369002684, 4455.094397434546, 6241.257192418975]
VSP_payments_total = 117352.83932401042
Surplus= 30912.3766468220
InfSP_costs = [54.1184547479859, 4895.18587685592, 6309.78842342496, 3646.93270745970, 12911.4508625084]
InfSP_total_cost = 27817.4763249970
Total_Profit = 50076.4472109524
Strategic_Provider = 1
Individual_Profit_VCG = [8.44212835499663, 78.4545799197213, 3891.31765504971, 37624.5802773702, 8473.65257025777]
Final_InfSP_payments = []
Individual_Profits_after_surplus_distribution = []
Topology= [(1, 2), (2, 4), (3, 1), (3, 4), (3, 5), (4, 1), (4, 2), (4, 3), (4, 4), (5, 1), (5, 2), (5, 4), (5, 5)]


--- New experiment --
Providers = 5
Topology = 12
Locations = 5
Requests = 50
Utilization = 0.66
VCG_payments = [2893.75579297914, 7145.68541572992, 10321.5223995725, 55858.9514811816, 37269.7240582449]
VCG_payments_total = 113489.639147708
VSP_payments = [3049.5572046793186, 3679.948737258775, 9380.773493812843, 2835.754785957051, 2907.537363952023, 5238.777360311256, 2028.7454842599209, 3235.134907678586, 4324.312742525231, 1929.537510623218, 3456.3480422346156, 1167.2573824704634, 2383.0561145254514, 3036.2812261155705, 2542.206884193193, 5536.587992604359, 3689.8809597794684, 2477.9092129741516, 2461.1589113058344, 5804.39815171842, 5285.680408738388, 3337.19760266576, 3650.625908149203, 3457.541751227205, 3032.771463481002, 6617.801753501688, 6678.957008411224, 3430.747369002684, 4455.094397434546, 6241.257192418975, 2783.849398997053, 2923.9889470307207, 3777.56604364304, 1506.264259964333, 6008.8153651876255, 2970.6584496046394, 3278.2725394084455, 5663.96289627442, 2874.197063491837, 3218.7376985632595, 3694.799516210776, 2985.4208831120673, 2800.59237876333, 5081.45229360711, 5877.4415593607055, 3373.8317934407482, 5212.000139590454, 4613.943936412174, 4302.687768928013, 8809.41984704317]
VSP_payments_total = 199110.74210264432
Surplus= 33794.5777374340
InfSP_costs = [100.488850529682, 7032.96834143506, 6373.95380368674, 4283.08086554553, 18287.5509132903]
InfSP_total_cost = 36078.0427744873
Total_Profit = 77411.5963732207
Strategic_Provider = 1
Individual_Profit_VCG = [2793.26694244945, 112.717074294864, 3947.56859588571, 51575.8706156361, 18982.1731449546]
Final_InfSP_payments = []
Individual_Profits_after_surplus_distribution = []
Topology= [(1, 2), (2, 4), (3, 1), (3, 4), (3, 5), (4, 1), (4, 2), (4, 3), (4, 4), (5, 1), (5, 2), (5, 4), (5, 5)]


--- New experiment --
Providers = 5
Topology = 12
Locations = 5
Requests = 70
Utilization = 0.6142857142857143
VCG_payments = [11130.5140247956, 7906.59375480204, 14217.8220528516, 83727.3326951338, 54414.8078321458]
VCG_payments_total = 171397.070359729
VSP_payments = [3049.5572046793186, 3679.948737258775, 9380.773493812843, 2835.754785957051, 2907.537363952023, 5238.777360311256, 2028.7454842599209, 3235.134907678586, 4324.312742525231, 1929.537510623218, 3456.3480422346156, 1167.2573824704634, 2383.0561145254514, 3036.2812261155705, 2542.206884193193, 5536.587992604359, 3689.8809597794684, 2477.9092129741516, 2461.1589113058344, 5804.39815171842, 5285.680408738388, 3337.19760266576, 3650.625908149203, 3457.541751227205, 3032.771463481002, 6617.801753501688, 6678.957008411224, 3430.747369002684, 4455.094397434546, 6241.257192418975, 2783.849398997053, 2923.9889470307207, 3777.56604364304, 1506.264259964333, 6008.8153651876255, 2970.6584496046394, 3278.2725394084455, 5663.96289627442, 2874.197063491837, 3218.7376985632595, 3694.799516210776, 2985.4208831120673, 2800.59237876333, 5081.45229360711, 5877.4415593607055, 3373.8317934407482, 5212.000139590454, 4613.943936412174, 4302.687768928013, 8809.41984704317, 3833.5075789789626, 7871.770333569438, 3548.801568584188, 2043.2737739543072, 2744.352163113428, 5308.666285280878, 4071.664131638354, 3351.0810503793346, 3264.4799494735744, 2822.1630753872078, 6769.504760906674, 2614.6495348113913, 3911.1911019982576, 3741.3829044955255, 4006.4913462950176, 1879.8803071083041, 5543.074400030252, 4314.9854779243315, 4156.949508207789, 2842.881784283239]
VSP_payments_total = 277751.49313906487
Surplus= 19260.0700634567
InfSP_costs = [105.770226948420, 7280.57788464352, 6363.91598174976, 12172.8642781741, 23269.5717038108]
InfSP_total_cost = 49192.7000753265
Total_Profit = 122204.370284402
Strategic_Provider = 2
Individual_Profit_VCG = [11024.7437978472, 626.015870158529, 7853.90607110182, 71554.4684169597, 31145.2361283350]
Final_InfSP_payments = []
Individual_Profits_after_surplus_distribution = []
Topology= [(1, 2), (2, 4), (3, 1), (3, 4), (3, 5), (4, 1), (4, 2), (4, 3), (4, 4), (5, 1), (5, 2), (5, 4), (5, 5)]


--- New experiment --
Providers = 5
Topology = 13
Locations = 5
Requests = 10
Utilization = 1.0
VCG_payments = [16105.1506737636, 39.3359018290248, 16529.9223603222, 3661.17978527339, 55.0533669259603]
VCG_payments_total = 36390.6420881142
VSP_payments = [5531.774672194522, 2892.005044939065, 4270.440734680772, 3599.1671375853325, 1187.3969718809776, 3619.9356547497555, 4301.785552925356, 4321.448096336716, 3564.2156309601655, 4942.7761681543525]
VSP_payments_total = 38230.945664407016
Surplus= 1840.30357629280
InfSP_costs = [1970.73932034620, 38.5702086329327, 4629.52156484011, 2567.00913499545, 53.1648426926317]
InfSP_total_cost = 9259.00507150732
Total_Profit = 27131.6370166069
Strategic_Provider = 4
Individual_Profit_VCG = [14134.4113534174, 0.765693196092109, 11900.4007954821, 1094.17065027794, 1.88852423332864]
Final_InfSP_payments = []
Individual_Profits_after_surplus_distribution = []
Topology= [(1, 1), (1, 2), (2, 2), (2, 3), (3, 2), (3, 5), (4, 3), (4, 4), (5, 4)]


--- New experiment --
Providers = 5
Topology = 13
Locations = 5
Requests = 20
Utilization = 0.95
VCG_payments = [25203.1247311120, 92.6468576922125, 21647.4890002619, 10593.0940461796, 75.4681412238715]
VCG_payments_total = 57611.8227764696
VSP_payments = [5531.774672194522, 2892.005044939065, 4270.440734680772, 3599.1671375853325, 1187.3969718809776, 3619.9356547497555, 4301.785552925356, 4321.448096336716, 3564.2156309601655, 4942.7761681543525, 4260.3265768480205, 2476.8344419519467, 3937.4420327713733, 1023.7114099015594, 3206.1683913478396, 2504.450123150452, 3337.6969913800635, 2411.0270017047956, 7349.360844836301, 3965.846407276412]
VSP_payments_total = 72703.8098855758
Surplus= 14068.2756992046
InfSP_costs = [2808.04526390637, 76.0055949225357, 6434.02955346842, 7475.23411350240, 62.0664200549998]
InfSP_total_cost = 16855.3809458547
Total_Profit = 40756.4418306149
Strategic_Provider = 1
Individual_Profit_VCG = [22395.0794672057, 16.6412627696768, 15213.4594467934, 3117.85993267723, 13.4017211688717]
Final_InfSP_payments = []
Individual_Profits_after_surplus_distribution = []
Topology= [(1, 1), (1, 2), (2, 2), (2, 3), (3, 2), (3, 5), (4, 3), (4, 4), (5, 4)]


--- New experiment --
Providers = 5
Topology = 13
Locations = 5
Requests = 30
Utilization = 0.8
VCG_payments = [3148.64857288930, 75.8935347990027, 7704.85987638615, 8609.30639312961, 62.2768754515605]
VCG_payments_total = 19600.9852526556
VSP_payments = [5531.774672194522, 2892.005044939065, 4270.440734680772, 3599.1671375853325, 1187.3969718809776, 3619.9356547497555, 4301.785552925356, 4321.448096336716, 3564.2156309601655, 4942.7761681543525, 4260.3265768480205, 2476.8344419519467, 3937.4420327713733, 1023.7114099015594, 3206.1683913478396, 2504.450123150452, 3337.6969913800635, 2411.0270017047956, 7349.360844836301, 3965.846407276412, 3797.8932115966804, 3009.022042224018, 1653.4168569393828, 2363.1016760375787, 2064.5530415837525, 3566.6702610380294, 2806.898044765871, 2741.351524183932, 3705.220627369873, 3327.8164981566542]
VSP_payments_total = 101739.75366947157
Surplus= 69335.0823426487
InfSP_costs = [3148.64857288930, 75.8935347990027, 7704.85987638615, 8609.30639312961, 62.2768754515605]
InfSP_total_cost = 19600.9852526556
Total_Profit = 0
Strategic_Provider = 3
Individual_Profit_VCG = [0, 0, 0, 0, 0]
Final_InfSP_payments = []
Individual_Profits_after_surplus_distribution = []
Topology= [(1, 1), (1, 2), (2, 2), (2, 3), (3, 2), (3, 5), (4, 3), (4, 4), (5, 4)]


--- New experiment --
Providers = 5
Topology = 13
Locations = 5
Requests = 50
Utilization = 0.6
VCG_payments = [3785.07283048937, 218.031770162108, 9818.19356276185, 15189.9326124261, 55.6404969950768]
VCG_payments_total = 29066.8712728345
VSP_payments = [5531.774672194522, 2892.005044939065, 4270.440734680772, 3599.1671375853325, 1187.3969718809776, 3619.9356547497555, 4301.785552925356, 4321.448096336716, 3564.2156309601655, 4942.7761681543525, 4260.3265768480205, 2476.8344419519467, 3937.4420327713733, 1023.7114099015594, 3206.1683913478396, 2504.450123150452, 3337.6969913800635, 2411.0270017047956, 7349.360844836301, 3965.846407276412, 3797.8932115966804, 3009.022042224018, 1653.4168569393828, 2363.1016760375787, 2064.5530415837525, 3566.6702610380294, 2806.898044765871, 2741.351524183932, 3705.220627369873, 3327.8164981566542, 4222.727894202017, 2170.3530694765095, 2026.471751746497, 3496.646781463952, 3161.527733474704, 4925.679597654355, 5288.264835277617, 3233.5713115642334, 2951.1488518463357, 2514.5299025065997, 5149.9543690477685, 2361.031210085709, 3539.3447611234305, 2420.535598333849, 5363.869610147864, 1906.6449005461989, 7481.66419013957, 7422.743404849553, 3246.856412608789, 3921.623367272627]
VSP_payments_total = 178544.94322283973
Surplus= 93764.5912887162
InfSP_costs = [3785.07283048937, 218.031770162108, 9818.19356276185, 15189.9326124261, 55.6404969950768]
InfSP_total_cost = 29066.8712728345
Total_Profit = 0
Strategic_Provider = 4
Individual_Profit_VCG = [0, 0, 0, 0, 0]
Final_InfSP_payments = []
Individual_Profits_after_surplus_distribution = []
Topology= [(1, 1), (1, 2), (2, 2), (2, 3), (3, 2), (3, 5), (4, 3), (4, 4), (5, 4)]


--- New experiment --
Providers = 5
Topology = 13
Locations = 5
Requests = 70
Utilization = 0.5285714285714286
VCG_payments = [5507.34302559246, 507.909437671799, 11187.1966561198, 18588.8184975152, 58.6717398092536]
VCG_payments_total = 35849.9393567085
VSP_payments = [5531.774672194522, 2892.005044939065, 4270.440734680772, 3599.1671375853325, 1187.3969718809776, 3619.9356547497555, 4301.785552925356, 4321.448096336716, 3564.2156309601655, 4942.7761681543525, 4260.3265768480205, 2476.8344419519467, 3937.4420327713733, 1023.7114099015594, 3206.1683913478396, 2504.450123150452, 3337.6969913800635, 2411.0270017047956, 7349.360844836301, 3965.846407276412, 3797.8932115966804, 3009.022042224018, 1653.4168569393828, 2363.1016760375787, 2064.5530415837525, 3566.6702610380294, 2806.898044765871, 2741.351524183932, 3705.220627369873, 3327.8164981566542, 4222.727894202017, 2170.3530694765095, 2026.471751746497, 3496.646781463952, 3161.527733474704, 4925.679597654355, 5288.264835277617, 3233.5713115642334, 2951.1488518463357, 2514.5299025065997, 5149.9543690477685, 2361.031210085709, 3539.3447611234305, 2420.535598333849, 5363.869610147864, 1906.6449005461989, 7481.66419013957, 7422.743404849553, 3246.856412608789, 3921.623367272627, 3797.422132570924, 8876.389902542875, 5263.122220204607, 2479.304791825, 3767.8787966918603, 2960.059369616141, 3376.4439289925626, 4028.236177620911, 2239.841174033664, 3008.29050604392, 5345.497903585117, 2744.8440634333947, 4424.556173461661, 4531.0847522409995, 2566.1628338782916, 1981.553814190947, 3831.5303884316468, 3223.0865105020775, 3589.1328447026985, 1703.7101163745858]
VSP_payments_total = 252283.09162378364
Surplus= 116488.248996142
InfSP_costs = [5507.34302559246, 507.909437671799, 11187.1966561198, 18588.8184975152, 58.6717398092536]
InfSP_total_cost = 35849.9393567085
Total_Profit = 0
Strategic_Provider = 5
Individual_Profit_VCG = [0, 0, 0, 0, 0]
Final_InfSP_payments = []
Individual_Profits_after_surplus_distribution = []
Topology= [(1, 1), (1, 2), (2, 2), (2, 3), (3, 2), (3, 5), (4, 3), (4, 4), (5, 4)]


--- New experiment --
Providers = 5
Topology = 14
Locations = 5
Requests = 10
Utilization = 0.9
VCG_payments = [1363.06516369554, 0.842164662473806, 2768.18541076870, 5638.82516750470, 1866.17649915683]
VCG_payments_total = 11637.0944057882
VSP_payments = [864.7406397299117, 2071.465929463075, 4536.517858297608, 3443.8762206083948, 2377.272731712274, 3768.3796813600366, 2843.8201118012958, 5126.071011849913, 4118.6807876387265, 7275.976103763078]
VSP_payments_total = 36426.80107622431
Surplus= 23924.9660307062
InfSP_costs = [1298.18826547652, 0.509566660764586, 1606.18440619903, 3930.52675744532, 1368.44799599417]
InfSP_total_cost = 8203.85699177580
Total_Profit = 3433.23741401243
Strategic_Provider = 5
Individual_Profit_VCG = [64.8768982190152, 0.332598001709220, 1162.00100456967, 1708.29841005937, 497.728503162659]
Final_InfSP_payments = []
Individual_Profits_after_surplus_distribution = []
Topology= [(1, 1), (1, 2), (1, 4), (2, 1), (2, 3), (3, 3), (4, 4), (4, 5), (5, 2), (5, 5)]


--- New experiment --
Providers = 5
Topology = 14
Locations = 5
Requests = 20
Utilization = 0.95
VCG_payments = [8677.31326725974, 1.90930601985747, 6329.58746254050, 9033.73019463803, 5763.80454714056]
VCG_payments_total = 29806.3447775987
VSP_payments = [864.7406397299117, 2071.465929463075, 4536.517858297608, 3443.8762206083948, 2377.272731712274, 3768.3796813600366, 2843.8201118012958, 5126.071011849913, 4118.6807876387265, 7275.976103763078, 4872.50460331299, 3308.4442745448655, 2139.4251661604935, 5621.961724144373, 2630.2191080577804, 2088.2445612912275, 3744.8547512805812, 3895.9675166206002, 3836.426513483392, 3422.7052936250657]
VSP_payments_total = 71987.55458874568
Surplus= 41316.4691714171
InfSP_costs = [4117.20067214080, 1.07988662927077, 3672.63837314738, 6233.06277814585, 4251.51934313107]
InfSP_total_cost = 18275.5010531944
Total_Profit = 11530.8437244043
Strategic_Provider = 3
Individual_Profit_VCG = [4560.11259511894, 0.829419390586694, 2656.94908939312, 2800.66741649219, 1512.28520400950]
Final_InfSP_payments = []
Individual_Profits_after_surplus_distribution = []
Topology= [(1, 1), (1, 2), (1, 4), (2, 1), (2, 3), (3, 3), (4, 4), (4, 5), (5, 2), (5, 5)]


--- New experiment --
Providers = 5
Topology = 14
Locations = 5
Requests = 30
Utilization = 0.9666666666666667
VCG_payments = [21408.4911971376, 3116.12569794279, 9989.36565764339, 19925.1014646019, 11837.1005944080]
VCG_payments_total = 66276.1846117337
VSP_payments = [864.7406397299117, 2071.465929463075, 4536.517858297608, 3443.8762206083948, 2377.272731712274, 3768.3796813600366, 2843.8201118012958, 5126.071011849913, 4118.6807876387265, 7275.976103763078, 4872.50460331299, 3308.4442745448655, 2139.4251661604935, 5621.961724144373, 2630.2191080577804, 2088.2445612912275, 3744.8547512805812, 3895.9675166206002, 3836.426513483392, 3422.7052936250657, 2457.8305902224483, 3625.2196551933125, 2710.703285364061, 4416.769642041444, 4614.255509362457, 2951.313522604741, 3187.279899917082, 2359.299065640804, 3252.9594049793623, 3776.539116584676]
VSP_payments_total = 105339.72428065608
Surplus= 38198.7990291925
InfSP_costs = [7888.13775891555, 72.3929677185179, 5342.27093063285, 8219.12074066412, 5979.17502549035]
InfSP_total_cost = 27501.0974234214
Total_Profit = 38775.0871883123
Strategic_Provider = 1
Individual_Profit_VCG = [13520.3534382220, 3043.73273022427, 4647.09472701054, 11705.9807239378, 5857.92556891767]
Final_InfSP_payments = []
Individual_Profits_after_surplus_distribution = []
Topology= [(1, 1), (1, 2), (1, 4), (2, 1), (2, 3), (3, 3), (4, 4), (4, 5), (5, 2), (5, 5)]


--- New experiment --
Providers = 5
Topology = 14
Locations = 5
Requests = 50
Utilization = 0.96
VCG_payments = [67112.7588672436, 37906.7739930805, 29458.6090452084, 35049.7640841188, 31582.2242966492]
VCG_payments_total = 201110.130286300
VSP_payments = [864.7406397299117, 2071.465929463075, 4536.517858297608, 3443.8762206083948, 2377.272731712274, 3768.3796813600366, 2843.8201118012958, 5126.071011849913, 4118.6807876387265, 7275.976103763078, 4872.50460331299, 3308.4442745448655, 2139.4251661604935, 5621.961724144373, 2630.2191080577804, 2088.2445612912275, 3744.8547512805812, 3895.9675166206002, 3836.426513483392, 3422.7052936250657, 2457.8305902224483, 3625.2196551933125, 2710.703285364061, 4416.769642041444, 4614.255509362457, 2951.313522604741, 3187.279899917082, 2359.299065640804, 3252.9594049793623, 3776.539116584676, 3940.2425439971335, 5166.811077742913, 8630.459948083275, 3663.8208133326407, 1838.2609305453109, 2821.814720566143, 4412.6002716766425, 5753.297077165855, 5559.427699278616, 4084.613312688588, 3474.3347690191163, 3348.099109368504, 4334.730953111597, 2725.3911113693152, 3435.392323079907, 3228.887031797347, 3206.2787559151034, 3626.0365782818067, 3581.430809001888, 3536.376005962075]
VSP_payments_total = 185708.03012263984
Surplus= -18338.3067328536
InfSP_costs = [13155.1800485862, 10375.8298092579, 7850.31156179203, 8903.12937499127, 10876.2664852844]
InfSP_total_cost = 51160.7172799118
Total_Profit = 149949.413006389
Strategic_Provider = 2
Individual_Profit_VCG = [53957.5788186574, 27530.9441838225, 21608.2974834164, 26146.6347091275, 20705.9578113648]
Final_InfSP_payments = []
Individual_Profits_after_surplus_distribution = []
Topology= [(1, 1), (1, 2), (1, 4), (2, 1), (2, 3), (3, 3), (4, 4), (4, 5), (5, 2), (5, 5)]


--- New experiment --
Providers = 5
Topology = 14
Locations = 5
Requests = 70
Utilization = 0.8
VCG_payments = [96221.1082255904, 57435.9560178690, 32319.0045464173, 51620.7842570202, 41496.1643596439]
VCG_payments_total = 279093.017406541
VSP_payments = [864.7406397299117, 2071.465929463075, 4536.517858297608, 3443.8762206083948, 2377.272731712274, 3768.3796813600366, 2843.8201118012958, 5126.071011849913, 4118.6807876387265, 7275.976103763078, 4872.50460331299, 3308.4442745448655, 2139.4251661604935, 5621.961724144373, 2630.2191080577804, 2088.2445612912275, 3744.8547512805812, 3895.9675166206002, 3836.426513483392, 3422.7052936250657, 2457.8305902224483, 3625.2196551933125, 2710.703285364061, 4416.769642041444, 4614.255509362457, 2951.313522604741, 3187.279899917082, 2359.299065640804, 3252.9594049793623, 3776.539116584676, 3940.2425439971335, 5166.811077742913, 8630.459948083275, 3663.8208133326407, 1838.2609305453109, 2821.814720566143, 4412.6002716766425, 5753.297077165855, 5559.427699278616, 4084.613312688588, 3474.3347690191163, 3348.099109368504, 4334.730953111597, 2725.3911113693152, 3435.392323079907, 3228.887031797347, 3206.2787559151034, 3626.0365782818067, 3581.430809001888, 3536.376005962075, 3022.481587299102, 2853.3929425982337, 6467.554905110574, 3609.6383617545616, 4670.449412595936, 8759.489648529889, 3253.1232158195103, 5840.943203669679, 6112.889062555488, 1961.0306426649274, 5669.081497251644, 5456.179618640441, 4721.418418339812, 2814.3976790146776, 4450.267048379984, 3682.049615986699, 2914.963026647411, 4700.570574726243, 4152.540521442623, 8090.02131374241]
VSP_payments_total = 278910.51241940964
Surplus= -37880.3091938335
InfSP_costs = [19445.2642968246, 12523.5401556235, 7921.52821322709, 8912.35699410385, 12681.1085743012]
InfSP_total_cost = 61483.7982340803
Total_Profit = 217609.219172461
Strategic_Provider = 1
Individual_Profit_VCG = [76775.8439287658, 44912.4158622455, 24397.4763331902, 42708.4272629164, 28815.0557853427]
Final_InfSP_payments = []
Individual_Profits_after_surplus_distribution = []
Topology= [(1, 1), (1, 2), (1, 4), (2, 1), (2, 3), (3, 3), (4, 4), (4, 5), (5, 2), (5, 5)]


--- New experiment --
Providers = 5
Topology = 15
Locations = 5
Requests = 10
Utilization = 1.0
VCG_payments = [0.227159894886427, 26810.4259758221, 0, 2201.05551241989, 4918.25595351979]
VCG_payments_total = 33929.9646016567
VSP_payments = [3004.6066188979985, 7508.03339855261, 5659.953744262493, 3418.4175645795563, 3857.1298418622314, 7352.004608820614, 2872.3015686639483, 6564.880527663211, 2634.905434032285, 2793.053297264439]
VSP_payments_total = 45665.28660459938
Surplus= 11735.3220029427
InfSP_costs = [0, 4117.03939465767, 0, 2150.93346425413, 4088.76223770230]
InfSP_total_cost = 10356.7350966141
Total_Profit = 23573.2295050426
Strategic_Provider = 4
Individual_Profit_VCG = [0.227159894886427, 22693.3865811645, 0, 50.1220481657688, 829.493715817492]
Final_InfSP_payments = []
Individual_Profits_after_surplus_distribution = []
Topology= [(1, 1), (1, 5), (2, 1), (2, 2), (2, 3), (2, 4), (3, 5), (4, 1), (4, 3), (5, 1), (5, 5)]


--- New experiment --
Providers = 5
Topology = 15
Locations = 5
Requests = 20
Utilization = 1.0
VCG_payments = [758.490218510575, 52679.5262016418, 83.9940082024186, 3650.99285810248, 8058.85588926094]
VCG_payments_total = 65231.8591757182
VSP_payments = [3004.6066188979985, 7508.03339855261, 5659.953744262493, 3418.4175645795563, 3857.1298418622314, 7352.004608820614, 2872.3015686639483, 6564.880527663211, 2634.905434032285, 2793.053297264439, 7010.851306849195, 2376.636667048154, 2398.4514393726513, 4250.721989735128, 3887.2652960767073, 2569.0386207385463, 3564.5095976039415, 1594.8035192780792, 4461.638889339221, 3923.455116829005]
VSP_payments_total = 81702.65904747
Surplus= 16470.7998717518
InfSP_costs = [704.860805646712, 8511.83439551100, 83.7357784076505, 3567.46104363883, 6785.02624890087]
InfSP_total_cost = 19652.9182721051
Total_Profit = 45578.9409036131
Strategic_Provider = 4
Individual_Profit_VCG = [53.6294128638626, 44167.6918061308, 0.258229794768141, 83.5318144636540, 1273.82964036007]
Final_InfSP_payments = []
Individual_Profits_after_surplus_distribution = []
Topology= [(1, 1), (1, 5), (2, 1), (2, 2), (2, 3), (2, 4), (3, 5), (4, 1), (4, 3), (5, 1), (5, 5)]


--- New experiment --
Providers = 5
Topology = 15
Locations = 5
Requests = 30
Utilization = 0.8666666666666667
VCG_payments = [2489.98464423548, 79408.2560548647, 87.5158065852011, 4205.63504617072, 9018.93209684890]
VCG_payments_total = 95210.3236487050
VSP_payments = [3004.6066188979985, 7508.03339855261, 5659.953744262493, 3418.4175645795563, 3857.1298418622314, 7352.004608820614, 2872.3015686639483, 6564.880527663211, 2634.905434032285, 2793.053297264439, 7010.851306849195, 2376.636667048154, 2398.4514393726513, 4250.721989735128, 3887.2652960767073, 2569.0386207385463, 3564.5095976039415, 1594.8035192780792, 4461.638889339221, 3923.455116829005, 4817.012750340345, 3326.135284741656, 4749.917392515802, 4216.065831561337, 2456.3820175636665, 5981.496605293009, 5495.388739236045, 5280.412714611659, 4536.425538247877, 4130.664064771152]
VSP_payments_total = 126692.55998635256
Surplus= 19669.4256186531
InfSP_costs = [2299.58511038724, 14159.1338115469, 82.8003014157418, 4110.68355855134, 7694.81076418604]
InfSP_total_cost = 28347.0135460872
Total_Profit = 66863.3101026178
Strategic_Provider = 5
Individual_Profit_VCG = [190.399533848233, 65249.1222433179, 4.71550516945929, 94.9514876193834, 1324.12133266286]
Final_InfSP_payments = []
Individual_Profits_after_surplus_distribution = []
Topology= [(1, 1), (1, 5), (2, 1), (2, 2), (2, 3), (2, 4), (3, 5), (4, 1), (4, 3), (5, 1), (5, 5)]


--- New experiment --
Providers = 5
Topology = 15
Locations = 5
Requests = 50
Utilization = 0.74
VCG_payments = [6974.17144798965, 114350.569497666, 143.449276698142, 9561.91530796453, 10712.2773925817]
VCG_payments_total = 141742.382922900
VSP_payments = [3004.6066188979985, 7508.03339855261, 5659.953744262493, 3418.4175645795563, 3857.1298418622314, 7352.004608820614, 2872.3015686639483, 6564.880527663211, 2634.905434032285, 2793.053297264439, 7010.851306849195, 2376.636667048154, 2398.4514393726513, 4250.721989735128, 3887.2652960767073, 2569.0386207385463, 3564.5095976039415, 1594.8035192780792, 4461.638889339221, 3923.455116829005, 4817.012750340345, 3326.135284741656, 4749.917392515802, 4216.065831561337, 2456.3820175636665, 5981.496605293009, 5495.388739236045, 5280.412714611659, 4536.425538247877, 4130.664064771152, 6492.976530730798, 4447.286545084239, 3674.1175567169407, 6156.856420623513, 3003.5918399241386, 1591.6607693485355, 2906.419009622865, 2246.5522863771857, 3450.8623524620557, 4225.631211044197, 3177.917462368948, 2492.0916937237494, 3954.239678093331, 6219.471416527226, 2694.3460832041756, 3527.4614153878647, 2125.218001816811, 5900.232429085869, 5867.19838151728, 3597.52691426281]
VSP_payments_total = 204444.21798427508
Surplus= 20166.5535008344
InfSP_costs = [6402.29043636761, 21268.5139451880, 93.7448373698797, 4345.48322269003, 9256.94811102970]
InfSP_total_cost = 41366.9805526453
Total_Profit = 100375.402370255
Strategic_Provider = 2
Individual_Profit_VCG = [571.881011622035, 93082.0555524780, 49.7044393282624, 5216.43208527450, 1455.32928155203]
Final_InfSP_payments = []
Individual_Profits_after_surplus_distribution = []
Topology= [(1, 1), (1, 5), (2, 1), (2, 2), (2, 3), (2, 4), (3, 5), (4, 1), (4, 3), (5, 1), (5, 5)]


--- New experiment --
Providers = 5
Topology = 15
Locations = 5
Requests = 70
Utilization = 0.6428571428571429
VCG_payments = [19332.8354164529, 132924.789544183, 147.861093805579, 16106.3131719788, 11171.5613722047]
VCG_payments_total = 179683.360598625
VSP_payments = [3004.6066188979985, 7508.03339855261, 5659.953744262493, 3418.4175645795563, 3857.1298418622314, 7352.004608820614, 2872.3015686639483, 6564.880527663211, 2634.905434032285, 2793.053297264439, 7010.851306849195, 2376.636667048154, 2398.4514393726513, 4250.721989735128, 3887.2652960767073, 2569.0386207385463, 3564.5095976039415, 1594.8035192780792, 4461.638889339221, 3923.455116829005, 4817.012750340345, 3326.135284741656, 4749.917392515802, 4216.065831561337, 2456.3820175636665, 5981.496605293009, 5495.388739236045, 5280.412714611659, 4536.425538247877, 4130.664064771152, 6492.976530730798, 4447.286545084239, 3674.1175567169407, 6156.856420623513, 3003.5918399241386, 1591.6607693485355, 2906.419009622865, 2246.5522863771857, 3450.8623524620557, 4225.631211044197, 3177.917462368948, 2492.0916937237494, 3954.239678093331, 6219.471416527226, 2694.3460832041756, 3527.4614153878647, 2125.218001816811, 5900.232429085869, 5867.19838151728, 3597.52691426281, 2849.1283044827555, 1994.9870765517792, 2632.387610228815, 3152.6825494166355, 3367.684080856397, 2190.361895005031, 4193.560869601434, 3073.5836745245865, 3083.6883839508027, 2567.124785210392, 5306.80327776701, 2710.9340182795963, 3146.1652589021955, 4554.046702281458, 3144.90680274852, 3958.0361493103933, 4215.217048137973, 2168.8835619167417, 496.64644004424906, 3419.995462482381]
VSP_payments_total = 266671.0419359742
Surplus= 9010.05097672477
InfSP_costs = [10600.9040679753, 23132.4735937743, 94.0483306759250, 4561.05964635348, 9688.80143657246]
InfSP_total_cost = 48077.2870753514
Total_Profit = 131606.073523274
Strategic_Provider = 1
Individual_Profit_VCG = [8731.93134847762, 109792.315950409, 53.8127631296540, 11545.2535256254, 1482.75993563228]
Final_InfSP_payments = []
Individual_Profits_after_surplus_distribution = []
Topology= [(1, 1), (1, 5), (2, 1), (2, 2), (2, 3), (2, 4), (3, 5), (4, 1), (4, 3), (5, 1), (5, 5)]


--- New experiment --
Providers = 5
Topology = 16
Locations = 5
Requests = 10
Utilization = 1.0
VCG_payments = [54.0857195380377, 2276.53663248236, 19767.9682875134, 13323.9531950349, 2337.49344766903]
VCG_payments_total = 37760.0372822377
VSP_payments = [3688.6260964252933, 3851.7703176788864, 1450.9967770725884, 2206.3544035295035, 4588.666929742215, 4188.260752102413, 2658.2521586863722, 1742.697606010401, 2209.1770746986094, 3955.4057959372876]
VSP_payments_total = 30540.207911883575
Surplus= -7219.82937035415
InfSP_costs = [53.0353695198443, 1739.78379878829, 3194.81495705265, 2908.91187622206, 1866.69365777201]
InfSP_total_cost = 9763.23965935485
Total_Profit = 27996.7976228829
Strategic_Provider = 4
Individual_Profit_VCG = [1.05035001819341, 536.752833694067, 16573.1533304607, 10415.0413188129, 470.799789897022]
Final_InfSP_payments = []
Individual_Profits_after_surplus_distribution = []
Topology= [(1, 3), (1, 5), (2, 3), (3, 1), (3, 2), (4, 3), (4, 4), (4, 5), (5, 1)]


--- New experiment --
Providers = 5
Topology = 16
Locations = 5
Requests = 20
Utilization = 0.95
VCG_payments = [70.0795968253951, 4766.75676542031, 37173.3078402268, 32708.2847149731, 6976.86174315486]
VCG_payments_total = 81695.2906606005
VSP_payments = [3688.6260964252933, 3851.7703176788864, 1450.9967770725884, 2206.3544035295035, 4588.666929742215, 4188.260752102413, 2658.2521586863722, 1742.697606010401, 2209.1770746986094, 3955.4057959372876, 4196.118445889349, 5007.467428216063, 2809.6210641037533, 5234.896721710698, 2998.8633548348002, 3906.3866733963237, 5825.9763435731065, 3018.0473538664646, 2751.9921483313005, 3619.9507164047923]
VSP_payments_total = 69909.52816221023
Surplus= -13992.1169019198
InfSP_costs = [57.1874634691122, 3644.47762314072, 5383.52551669292, 5721.14782739405, 4583.33891731187]
InfSP_total_cost = 19389.6773480087
Total_Profit = 62305.6133125918
Strategic_Provider = 4
Individual_Profit_VCG = [12.8921333562829, 1122.27914227958, 31789.7823235339, 26987.1368875791, 2393.52282584299]
Final_InfSP_payments = []
Individual_Profits_after_surplus_distribution = []
Topology= [(1, 3), (1, 5), (2, 3), (3, 1), (3, 2), (4, 3), (4, 4), (4, 5), (5, 1)]


--- New experiment --
Providers = 5
Topology = 16
Locations = 5
Requests = 30
Utilization = 0.8333333333333334
VCG_payments = [72.1537151467201, 6460.22518315171, 51956.4505756425, 47063.1357856372, 13182.6991336090]
VCG_payments_total = 118734.664393187
VSP_payments = [3688.6260964252933, 3851.7703176788864, 1450.9967770725884, 2206.3544035295035, 4588.666929742215, 4188.260752102413, 2658.2521586863722, 1742.697606010401, 2209.1770746986094, 3955.4057959372876, 4196.118445889349, 5007.467428216063, 2809.6210641037533, 5234.896721710698, 2998.8633548348002, 3906.3866733963237, 5825.9763435731065, 3018.0473538664646, 2751.9921483313005, 3619.9507164047923, 3719.2055607171096, 3114.1667708210502, 3710.428160188134, 2854.411558674662, 2961.7404722760057, 9665.090370605729, 1705.7884002382148, 3080.1948568209564, 4655.575903074329, 2492.266557098128]
VSP_payments_total = 107868.39677272458
Surplus= -23359.5303636651
InfSP_costs = [54.4822269578404, 4938.76646413096, 6875.92513990519, 8002.96537162439, 7038.37156096955]
InfSP_total_cost = 26910.5107635879
Total_Profit = 91824.1536295993
Strategic_Provider = 1
Individual_Profit_VCG = [17.6714881888796, 1521.45871902075, 45080.5254357374, 39060.1704140128, 6144.32757263948]
Final_InfSP_payments = []
Individual_Profits_after_surplus_distribution = []
Topology= [(1, 3), (1, 5), (2, 3), (3, 1), (3, 2), (4, 3), (4, 4), (4, 5), (5, 1)]


--- New experiment --
Providers = 5
Topology = 16
Locations = 5
Requests = 50
Utilization = 0.72
VCG_payments = [361.699939436367, 9631.29138653981, 72544.4839838172, 59004.4524872949, 36995.6700469987]
VCG_payments_total = 178537.597844087
VSP_payments = [3688.6260964252933, 3851.7703176788864, 1450.9967770725884, 2206.3544035295035, 4588.666929742215, 4188.260752102413, 2658.2521586863722, 1742.697606010401, 2209.1770746986094, 3955.4057959372876, 4196.118445889349, 5007.467428216063, 2809.6210641037533, 5234.896721710698, 2998.8633548348002, 3906.3866733963237, 5825.9763435731065, 3018.0473538664646, 2751.9921483313005, 3619.9507164047923, 3719.2055607171096, 3114.1667708210502, 3710.428160188134, 2854.411558674662, 2961.7404722760057, 9665.090370605729, 1705.7884002382148, 3080.1948568209564, 4655.575903074329, 2492.266557098128, 3848.0068591366726, 4025.922252271701, 3349.841383633565, 3008.9850082444445, 4274.562148104898, 4188.6284917205485, 4648.9655267371245, 5350.439520171759, 4518.530087837303, 3292.876899430878, 2213.2757895082987, 3178.7354043510977, 3082.406400214225, 7482.150050297298, 3086.8900112046904, 3478.1107404523273, 3458.5960578194454, 4299.113650797506, 5060.843355229125, 4162.904448467278]
VSP_payments_total = 187878.18085835475
Surplus= -29267.6563992195
InfSP_costs = [300.845095267404, 7355.15816696509, 8531.24137431695, 11032.3005684940, 11748.9512779197]
InfSP_total_cost = 38968.4964829631
Total_Profit = 139569.101361124
Strategic_Provider = 4
Individual_Profit_VCG = [60.8548441689629, 2276.13321957472, 64013.2426095003, 47972.1519188010, 25246.7187690791]
Final_InfSP_payments = []
Individual_Profits_after_surplus_distribution = []
Topology= [(1, 3), (1, 5), (2, 3), (3, 1), (3, 2), (4, 3), (4, 4), (4, 5), (5, 1)]


--- New experiment --
Providers = 5
Topology = 16
Locations = 5
Requests = 70
Utilization = 0.5714285714285714
VCG_payments = [463.375529447338, 9642.17888832968, 76069.6625064879, 69360.8569536045, 39114.5133538252]
VCG_payments_total = 194650.587231695
VSP_payments = [3688.6260964252933, 3851.7703176788864, 1450.9967770725884, 2206.3544035295035, 4588.666929742215, 4188.260752102413, 2658.2521586863722, 1742.697606010401, 2209.1770746986094, 3955.4057959372876, 4196.118445889349, 5007.467428216063, 2809.6210641037533, 5234.896721710698, 2998.8633548348002, 3906.3866733963237, 5825.9763435731065, 3018.0473538664646, 2751.9921483313005, 3619.9507164047923, 3719.2055607171096, 3114.1667708210502, 3710.428160188134, 2854.411558674662, 2961.7404722760057, 9665.090370605729, 1705.7884002382148, 3080.1948568209564, 4655.575903074329, 2492.266557098128, 3848.0068591366726, 4025.922252271701, 3349.841383633565, 3008.9850082444445, 4274.562148104898, 4188.6284917205485, 4648.9655267371245, 5350.439520171759, 4518.530087837303, 3292.876899430878, 2213.2757895082987, 3178.7354043510977, 3082.406400214225, 7482.150050297298, 3086.8900112046904, 3478.1107404523273, 3458.5960578194454, 4299.113650797506, 5060.843355229125, 4162.904448467278, 4026.034053430208, 3429.447910453719, 3905.2975184181023, 1884.2700510537766, 4944.8640106141975, 2525.724268872316, 2025.3271280299741, 4029.4747579261625, 921.2497223289455, 1472.037112439003, 6637.604734061329, 6474.965327811671, 1922.7357496681118, 3255.1518320082587, 3307.1983289517143, 1887.3118534471457, 3012.8647753500595, 3766.211499298782, 5051.451804537966, 4237.909181365998]
VSP_payments_total = 256595.3124784222
Surplus= -27037.9465184730
InfSP_costs = [327.033928595554, 7368.35369578336, 8577.50890212765, 13300.5945000128, 12713.3065566815]
InfSP_total_cost = 42286.7975832009
Total_Profit = 152363.789648494
Strategic_Provider = 5
Individual_Profit_VCG = [136.341600851783, 2273.82519254632, 67492.1536043602, 56060.2624535917, 26401.2067971436]
Final_InfSP_payments = []
Individual_Profits_after_surplus_distribution = []
Topology= [(1, 3), (1, 5), (2, 3), (3, 1), (3, 2), (4, 3), (4, 4), (4, 5), (5, 1)]


--- New experiment --
Providers = 5
Topology = 17
Locations = 5
Requests = 10
Utilization = 0.9
VCG_payments = [2820.22865750063, 20763.3130060953, 21050.2849112349, 35.7922488318291, 2377.34096130394]
VCG_payments_total = 47046.9597849666
VSP_payments = [2449.2342584526073, 1532.912483805126, 3126.4390744252787, 8987.124752011578, 6935.778987286436, 2242.2679520005527, 1292.8956184703598, 5287.312712792145, 3308.815264215624, 1335.2970174916472]
VSP_payments_total = 36498.07812095136
Surplus= -12791.1496160158
InfSP_costs = [2725.02351831264, 3769.62416717758, 4347.04901338975, 34.7205665237769, 1996.15698550545]
InfSP_total_cost = 12872.5742509092
Total_Profit = 34174.3855340574
Strategic_Provider = 2
Individual_Profit_VCG = [95.2051391879922, 16993.6888389178, 16703.2358978451, 1.07168230805220, 381.183975798494]
Final_InfSP_payments = []
Individual_Profits_after_surplus_distribution = []
Topology= [(1, 4), (2, 2), (2, 5), (3, 1), (3, 3), (3, 4), (4, 1), (4, 4), (4, 5), (5, 5)]


--- New experiment --
Providers = 5
Topology = 17
Locations = 5
Requests = 20
Utilization = 0.8
VCG_payments = [3995.97787226526, 32559.6511003917, 33899.3015231225, 50.5165690255089, 3500.85157759559]
VCG_payments_total = 74006.2986424006
VSP_payments = [2449.2342584526073, 1532.912483805126, 3126.4390744252787, 8987.124752011578, 6935.778987286436, 2242.2679520005527, 1292.8956184703598, 5287.312712792145, 3308.815264215624, 1335.2970174916472, 3484.186152280483, 5522.554689308878, 2080.6661383947016, 4260.066388331208, 4249.923278162448, 5142.320495355758, 1741.6562136579466, 1884.5006734281887, 4627.28847434594, 2373.1301799038356]
VSP_payments_total = 71864.37080412074
Surplus= -10053.2277396529
InfSP_costs = [3858.23506312717, 6281.28108268223, 9480.24143791233, 46.1143000376398, 2934.82781281082]
InfSP_total_cost = 22600.6996965702
Total_Profit = 51405.5989458304
Strategic_Provider = 3
Individual_Profit_VCG = [137.742809138085, 26278.3700177095, 24419.0600852102, 4.40226898786911, 566.023764784764]
Final_InfSP_payments = []
Individual_Profits_after_surplus_distribution = []
Topology= [(1, 4), (2, 2), (2, 5), (3, 1), (3, 3), (3, 4), (4, 1), (4, 4), (4, 5), (5, 5)]


--- New experiment --
Providers = 5
Topology = 17
Locations = 5
Requests = 30
Utilization = 0.8
VCG_payments = [6063.59336958943, 40371.4134314746, 39236.9353139120, 121.923760267295, 4947.07271580684]
VCG_payments_total = 90740.9385910501
VSP_payments = [2449.2342584526073, 1532.912483805126, 3126.4390744252787, 8987.124752011578, 6935.778987286436, 2242.2679520005527, 1292.8956184703598, 5287.312712792145, 3308.815264215624, 1335.2970174916472, 3484.186152280483, 5522.554689308878, 2080.6661383947016, 4260.066388331208, 4249.923278162448, 5142.320495355758, 1741.6562136579466, 1884.5006734281887, 4627.28847434594, 2373.1301799038356, 5728.722675426248, 1971.0511579604306, 2972.151150086381, 2514.286082995058, 2498.2049646448972, 1921.26743096392, 4874.340077563321, 3309.573029319911, 2421.6472769668267, 2377.741612196862]
VSP_payments_total = 102453.35626224462
Surplus= -5746.26133130194
InfSP_costs = [5854.11863297899, 8991.69135125937, 12294.4797485844, 111.456978117564, 4148.83171914350]
InfSP_total_cost = 31400.5784300838
Total_Profit = 59340.3601609663
Strategic_Provider = 4
Individual_Profit_VCG = [209.474736610435, 31379.7220802152, 26942.4555653276, 10.4667821497305, 798.240996663342]
Final_InfSP_payments = []
Individual_Profits_after_surplus_distribution = []
Topology= [(1, 4), (2, 2), (2, 5), (3, 1), (3, 3), (3, 4), (4, 1), (4, 4), (4, 5), (5, 5)]


--- New experiment --
Providers = 5
Topology = 17
Locations = 5
Requests = 50
Utilization = 0.64
VCG_payments = [8576.88100823900, 44916.6014342188, 48148.2918347716, 175.672288307367, 9253.07857748499]
VCG_payments_total = 111070.525143022
VSP_payments = [2449.2342584526073, 1532.912483805126, 3126.4390744252787, 8987.124752011578, 6935.778987286436, 2242.2679520005527, 1292.8956184703598, 5287.312712792145, 3308.815264215624, 1335.2970174916472, 3484.186152280483, 5522.554689308878, 2080.6661383947016, 4260.066388331208, 4249.923278162448, 5142.320495355758, 1741.6562136579466, 1884.5006734281887, 4627.28847434594, 2373.1301799038356, 5728.722675426248, 1971.0511579604306, 2972.151150086381, 2514.286082995058, 2498.2049646448972, 1921.26743096392, 4874.340077563321, 3309.573029319911, 2421.6472769668267, 2377.741612196862, 4667.891988628364, 3944.852870486059, 4056.2173331825943, 4260.66053708076, 3078.21270615943, 6749.209430057585, 3234.667855930181, 5400.870583079444, 4501.844140176021, 3675.8497776945637, 3026.983490162621, 5578.123682885352, 2393.147947825573, 5514.350512057144, 2878.717348282103, 2269.8146987490027, 5054.2437471984595, 3397.0172867365445, 3052.3803310977155, 3563.543403296431]
VSP_payments_total = 182751.95593301058
Surplus= 9308.43205025370
InfSP_costs = [8278.18043043903, 10131.2652006229, 15353.1119363615, 130.635471367934, 7733.72912326954]
InfSP_total_cost = 41626.9221620608
Total_Profit = 69443.6029809609
Strategic_Provider = 4
Individual_Profit_VCG = [298.700577799969, 34785.3362335959, 32795.1798984101, 45.0368169394334, 1519.34945421546]
Final_InfSP_payments = []
Individual_Profits_after_surplus_distribution = []
Topology= [(1, 4), (2, 2), (2, 5), (3, 1), (3, 3), (3, 4), (4, 1), (4, 4), (4, 5), (5, 5)]


--- New experiment --
Providers = 5
Topology = 17
Locations = 5
Requests = 70
Utilization = 0.6
VCG_payments = [8824.21760341109, 57101.6901939054, 55196.6242755696, 174.879426100117, 10333.3471655195]
VCG_payments_total = 131630.758664506
VSP_payments = [2449.2342584526073, 1532.912483805126, 3126.4390744252787, 8987.124752011578, 6935.778987286436, 2242.2679520005527, 1292.8956184703598, 5287.312712792145, 3308.815264215624, 1335.2970174916472, 3484.186152280483, 5522.554689308878, 2080.6661383947016, 4260.066388331208, 4249.923278162448, 5142.320495355758, 1741.6562136579466, 1884.5006734281887, 4627.28847434594, 2373.1301799038356, 5728.722675426248, 1971.0511579604306, 2972.151150086381, 2514.286082995058, 2498.2049646448972, 1921.26743096392, 4874.340077563321, 3309.573029319911, 2421.6472769668267, 2377.741612196862, 4667.891988628364, 3944.852870486059, 4056.2173331825943, 4260.66053708076, 3078.21270615943, 6749.209430057585, 3234.667855930181, 5400.870583079444, 4501.844140176021, 3675.8497776945637, 3026.983490162621, 5578.123682885352, 2393.147947825573, 5514.350512057144, 2878.717348282103, 2269.8146987490027, 5054.2437471984595, 3397.0172867365445, 3052.3803310977155, 3563.543403296431, 2512.6949134649317, 5137.635739382634, 2099.4038806998706, 4030.559224082454, 5282.0349881413085, 3241.6392908376715, 2460.5330387205627, 3261.8204722864457, 3423.4064092597305, 3610.03703992939, 1021.3129031834342, 2940.8918008452233, 3683.6765177144152, 1542.147376594711, 2767.2622187811594, 2111.9114184372816, 1584.7264601873885, 5745.954869039945, 2708.4537130270155, 4344.754331308664]
VSP_payments_total = 246262.81253893476
Surplus= 17659.1453675298
InfSP_costs = [8507.79949147659, 15490.2462612468, 20401.8488299490, 132.288463562472, 8640.56689895787]
InfSP_total_cost = 53172.7499451927
Total_Profit = 78458.0087193129
Strategic_Provider = 2
Individual_Profit_VCG = [316.418111934496, 41611.4439326585, 34794.7754456206, 42.5909625376450, 1692.78026656161]
Final_InfSP_payments = []
Individual_Profits_after_surplus_distribution = []
Topology= [(1, 4), (2, 2), (2, 5), (3, 1), (3, 3), (3, 4), (4, 1), (4, 4), (4, 5), (5, 5)]


--- New experiment --
Providers = 5
Topology = 18
Locations = 5
Requests = 10
Utilization = 1.0
VCG_payments = [1506.93590778100, 2793.13401011317, 19681.6875180930, 2310.48957764970, 54.2568837237013]
VCG_payments_total = 26346.5038973606
VSP_payments = [1363.901455331749, 6112.43688479474, 4039.712875436944, 7444.3905197613185, 2120.9333179463106, 2092.5991679642457, 1116.4651920341846, 7247.004363687561, 2587.6593287927744, 6276.628590867743]
VSP_payments_total = 40401.73169661757
Surplus= 14055.2277992570
InfSP_costs = [1482.20981735873, 2517.88944185009, 4093.74523315443, 2124.35317355848, 53.6315240438676]
InfSP_total_cost = 10271.8291899656
Total_Profit = 16074.6747073950
Strategic_Provider = 2
Individual_Profit_VCG = [24.7260904222708, 275.244568263077, 15587.9422849386, 186.136404091224, 0.625359679833728]
Final_InfSP_payments = []
Individual_Profits_after_surplus_distribution = []
Topology= [(1, 1), (1, 2), (1, 5), (2, 1), (2, 2), (2, 3), (3, 2), (3, 3), (3, 4), (4, 1), (4, 2), (5, 1), (5, 2), (5, 5)]


--- New experiment --
Providers = 5
Topology = 18
Locations = 5
Requests = 20
Utilization = 1.0
VCG_payments = [4946.57120663887, 4497.01511133682, 42358.3640481617, 3707.15903971392, 145.327906694554]
VCG_payments_total = 55654.4373125459
VSP_payments = [1363.901455331749, 6112.43688479474, 4039.712875436944, 7444.3905197613185, 2120.9333179463106, 2092.5991679642457, 1116.4651920341846, 7247.004363687561, 2587.6593287927744, 6276.628590867743, 3937.6566179368137, 3544.5228958726825, 2612.8367383785658, 5905.790185696831, 2324.9259526696346, 3525.0681198549696, 4007.9842445303707, 5374.747809702433, 2367.707794245573, 6030.467289117405]
VSP_payments_total = 80033.43934462286
Surplus= 24379.0020320770
InfSP_costs = [4826.92373913459, 3397.59172647348, 7929.32548241188, 3407.99275103839, 133.610473769511]
InfSP_total_cost = 19695.4441728278
Total_Profit = 35958.9931397180
Strategic_Provider = 2
Individual_Profit_VCG = [119.647467504285, 1099.42338486334, 34429.0385657498, 299.166288675522, 11.7174329250429]
Final_InfSP_payments = []
Individual_Profits_after_surplus_distribution = []
Topology= [(1, 1), (1, 2), (1, 5), (2, 1), (2, 2), (2, 3), (3, 2), (3, 3), (3, 4), (4, 1), (4, 2), (5, 1), (5, 2), (5, 5)]


--- New experiment --
Providers = 5
Topology = 18
Locations = 5
Requests = 30
Utilization = 1.0
VCG_payments = [11420.0869016724, 13128.3864894893, 56967.9124644240, 3785.06936246569, 11513.9566115185]
VCG_payments_total = 96815.4118295699
VSP_payments = [1363.901455331749, 6112.43688479474, 4039.712875436944, 7444.3905197613185, 2120.9333179463106, 2092.5991679642457, 1116.4651920341846, 7247.004363687561, 2587.6593287927744, 6276.628590867743, 3937.6566179368137, 3544.5228958726825, 2612.8367383785658, 5905.790185696831, 2324.9259526696346, 3525.0681198549696, 4007.9842445303707, 5374.747809702433, 2367.707794245573, 6030.467289117405, 8986.047210666653, 6324.697253489964, 3732.7594621546727, 3971.2212907075286, 3878.7819249939685, 3029.5855219882105, 5572.2230994801175, 2443.33194887685, 3054.9520893449276, 3049.856244582728]
VSP_payments_total = 124076.89539090848
Surplus= 27261.4835613385
InfSP_costs = [11109.6751732854, 3981.98569124268, 12390.8592987899, 3459.65414895571, 144.407745849181]
InfSP_total_cost = 31086.5820581228
Total_Profit = 65728.8297714471
Strategic_Provider = 4
Individual_Profit_VCG = [310.411728387047, 9146.40079824662, 44577.0531656341, 325.415213509975, 11369.5488656693]
Final_InfSP_payments = []
Individual_Profits_after_surplus_distribution = []
Topology= [(1, 1), (1, 2), (1, 5), (2, 1), (2, 2), (2, 3), (3, 2), (3, 3), (3, 4), (4, 1), (4, 2), (5, 1), (5, 2), (5, 5)]


--- New experiment --
Providers = 5
Topology = 1
Locations = 5
Requests = 10
Utilization = 1.0
VCG_payments = [2264.92397378106, 1774.38883424611, 0.658491021025839, 2693.79900167934, 2919.41430054005]
VCG_payments_total = 9653.18460126758
VSP_payments = [3597.530659458766, 4332.937097676096, 4455.172175376462, 2495.213454864639, 3715.9953133693934, 2557.0824093112396, 3707.158766275794, 2836.5282621474053, 3266.275111132192, 2983.5379637117017]
VSP_payments_total = 33947.43121332368
Surplus= 24294.2466120561
InfSP_costs = [1383.60858848111, 1634.86030131898, 0.634372993706863, 2664.04566404234, 2651.16073983119]
InfSP_total_cost = 8334.30966666733
Total_Profit = 1318.87493460025
Strategic_Provider = 4
Individual_Profit_VCG = [881.315385299945, 139.528532927125, 0.0241180273189757, 29.7533376370006, 268.253560708862]
Final_InfSP_payments = []
Individual_Profits_after_surplus_distribution = []
Topology= [(1, 1), (1, 2), (1, 3), (1, 5), (2, 3), (2, 4), (3, 1), (3, 5), (4, 2), (4, 4), (4, 5), (5, 1), (5, 2), (5, 5)]


--- New experiment --
Providers = 5
Topology = 1
Locations = 5
Requests = 20
Utilization = 0.95
VCG_payments = [3265.95440547181, 4303.00936338356, 1.01267163535522, 4352.45192505622, 6441.07300632979]
VCG_payments_total = 18363.5013718767
VSP_payments = [3597.530659458766, 4332.937097676096, 4455.172175376462, 2495.213454864639, 3715.9953133693934, 2557.0824093112396, 3707.158766275794, 2836.5282621474053, 3266.275111132192, 2983.5379637117017, 2090.1990396776764, 4646.162904053391, 6460.121157509865, 4951.2351516518065, 4824.672213200528, 4248.587470342341, 2541.1923169197, 2753.8036227322873, 958.841422164267, 3006.2962260641907]
VSP_payments_total = 70428.54273763973
Surplus= 51106.1999435987
InfSP_costs = [1985.77721055702, 3960.62935793804, 0.897642331615122, 4303.17227608018, 5842.80527740719]
InfSP_total_cost = 16093.2817643140
Total_Profit = 2270.21960756270
Strategic_Provider = 3
Individual_Profit_VCG = [1280.17719491480, 342.380005445523, 0.115029303740096, 49.2796489760394, 598.267728922597]
Final_InfSP_payments = []
Individual_Profits_after_surplus_distribution = []
Topology= [(1, 1), (1, 2), (1, 3), (1, 5), (2, 3), (2, 4), (3, 1), (3, 5), (4, 2), (4, 4), (4, 5), (5, 1), (5, 2), (5, 5)]


--- New experiment --
Providers = 5
Topology = 1
Locations = 5
Requests = 30
Utilization = 0.9666666666666667
VCG_payments = [5655.42207362578, 5106.72050213463, 1802.38543181721, 10593.2460407511, 8207.77661395819]
VCG_payments_total = 31365.5506622869
VSP_payments = [3597.530659458766, 4332.937097676096, 4455.172175376462, 2495.213454864639, 3715.9953133693934, 2557.0824093112396, 3707.158766275794, 2836.5282621474053, 3266.275111132192, 2983.5379637117017, 2090.1990396776764, 4646.162904053391, 6460.121157509865, 4951.2351516518065, 4824.672213200528, 4248.587470342341, 2541.1923169197, 2753.8036227322873, 958.841422164267, 3006.2962260641907, 5075.022980202255, 4282.803583835366, 5698.1736404071125, 5050.312408249442, 4746.313239959565, 4516.351933080734, 2707.911326209173, 2507.5432231907985, 3594.5577733412256, 2480.4444640309825]
VSP_payments_total = 111087.97731014638
Surplus= 78763.5852256952
InfSP_costs = [3424.41629055743, 4698.85106909528, 1789.47724959875, 7771.50457103978, 7448.43114419331]
InfSP_total_cost = 25132.6803244846
Total_Profit = 6232.87033780233
Strategic_Provider = 3
Individual_Profit_VCG = [2231.00578306835, 407.869433039346, 12.9081822184612, 2821.74146971128, 759.345469764883]
Final_InfSP_payments = []
Individual_Profits_after_surplus_distribution = []
Topology= [(1, 1), (1, 2), (1, 3), (1, 5), (2, 3), (2, 4), (3, 1), (3, 5), (4, 2), (4, 4), (4, 5), (5, 1), (5, 2), (5, 5)]


--- New experiment --
Providers = 5
Topology = 1
Locations = 5
Requests = 50
Utilization = 0.96
VCG_payments = [23491.6199947229, 6511.58957748068, 11547.9997766337, 33267.1815237697, 14023.3241984681]
VCG_payments_total = 88841.7150710752
VSP_payments = [3597.530659458766, 4332.937097676096, 4455.172175376462, 2495.213454864639, 3715.9953133693934, 2557.0824093112396, 3707.158766275794, 2836.5282621474053, 3266.275111132192, 2983.5379637117017, 2090.1990396776764, 4646.162904053391, 6460.121157509865, 4951.2351516518065, 4824.672213200528, 4248.587470342341, 2541.1923169197, 2753.8036227322873, 958.841422164267, 3006.2962260641907, 5075.022980202255, 4282.803583835366, 5698.1736404071125, 5050.312408249442, 4746.313239959565, 4516.351933080734, 2707.911326209173, 2507.5432231907985, 3594.5577733412256, 2480.4444640309825, 1282.5014443895236, 2849.5248125843286, 5458.656838726668, 2909.311566259918, 2238.3884922580205, 3063.2755771878196, 2409.669872344574, 3440.6013692389674, 3498.8128768827473, 4876.9389476893975, 5680.178642424848, 1610.296949330796, 3556.638791733744, 3022.1366357658126, 2330.166878706499, 2136.054622474731, 3579.704245548297, 3593.698511955235, 4375.995625573686, 3905.3987468784576]
VSP_payments_total = 176905.92875810046
Surplus= 85822.8708204716
InfSP_costs = [7210.02043071059, 4862.96387461534, 5503.03820260527, 13840.9391932241, 12834.7923506665]
InfSP_total_cost = 44251.7540518219
Total_Profit = 44589.9610192533
Strategic_Provider = 4
Individual_Profit_VCG = [16281.5995640123, 1648.62570286534, 6044.96157402847, 19426.2423305456, 1188.53184780161]
Final_InfSP_payments = []
Individual_Profits_after_surplus_distribution = []
Topology= [(1, 1), (1, 2), (1, 3), (1, 5), (2, 3), (2, 4), (3, 1), (3, 5), (4, 2), (4, 4), (4, 5), (5, 1), (5, 2), (5, 5)]


--- New experiment --
Providers = 5
Topology = 1
Locations = 5
Requests = 70
Utilization = 0.9714285714285714
VCG_payments = [52481.5638153114, 28835.0661084490, 32730.0568205547, 47605.3367181015, 18825.4354593659]
VCG_payments_total = 180477.458921783
VSP_payments = [3597.530659458766, 4332.937097676096, 4455.172175376462, 2495.213454864639, 3715.9953133693934, 2557.0824093112396, 3707.158766275794, 2836.5282621474053, 3266.275111132192, 2983.5379637117017, 2090.1990396776764, 4646.162904053391, 6460.121157509865, 4951.2351516518065, 4824.672213200528, 4248.587470342341, 2541.1923169197, 2753.8036227322873, 958.841422164267, 3006.2962260641907, 5075.022980202255, 4282.803583835366, 5698.1736404071125, 5050.312408249442, 4746.313239959565, 4516.351933080734, 2707.911326209173, 2507.5432231907985, 3594.5577733412256, 2480.4444640309825, 1282.5014443895236, 2849.5248125843286, 5458.656838726668, 2909.311566259918, 2238.3884922580205, 3063.2755771878196, 2409.669872344574, 3440.6013692389674, 3498.8128768827473, 4876.9389476893975, 5680.178642424848, 1610.296949330796, 3556.638791733744, 3022.1366357658126, 2330.166878706499, 2136.054622474731, 3579.704245548297, 3593.698511955235, 4375.995625573686, 3905.3987468784576, 1875.6851644149315, 4864.595153590551, 2636.588748275216, 2910.3877480731817, 4438.48648462852, 3582.9453926743104, 2793.0943261507696, 2928.1819737620417, 3295.6532400023148, 3500.6862713643663, 4383.58313377172, 3392.8508724332214, 2935.523225850505, 2285.0058379128473, 3847.9360207110167, 2317.551320683342, 3728.5225868820876, 3338.556916247621, 2442.607982357534, 3874.0164571078494]
VSP_payments_total = 242278.3876149944
Surplus= 59559.5858266579
InfSP_costs = [9682.91014544582, 12689.9122311562, 11504.3277833296, 16633.7867114603, 17479.2500380813]
InfSP_total_cost = 67990.1869094733
Total_Profit = 112487.272012309
Strategic_Provider = 2
Individual_Profit_VCG = [42798.6536698656, 16145.1538772928, 21225.7290372251, 30971.5500066413, 1346.18542128458]
Final_InfSP_payments = []
Individual_Profits_after_surplus_distribution = []
Topology= [(1, 1), (1, 2), (1, 3), (1, 5), (2, 3), (2, 4), (3, 1), (3, 5), (4, 2), (4, 4), (4, 5), (5, 1), (5, 2), (5, 5)]


--- New experiment --
Providers = 5
Topology = 2
Locations = 5
Requests = 10
Utilization = 1.0
VCG_payments = [0, 49.1629536711516, 5054.67429201023, 5557.59364401973, 5866.66519100680]
VCG_payments_total = 16528.0960807079
VSP_payments = [3681.8503386186117, 972.8329863134032, 2592.708812676695, 3287.6188986614593, 5179.060783275374, 2343.573790469194, 3498.175048386828, 3810.6209991559126, 3709.7068963336505, 3384.8302899675136]
VSP_payments_total = 32460.97884385864
Surplus= 15932.8827631507
InfSP_costs = [0, 47.4980017681762, 4944.47846907935, 493.826738589420, 4686.66648894556]
InfSP_total_cost = 10172.4696983825
Total_Profit = 6355.62638232540
Strategic_Provider = 4
Individual_Profit_VCG = [0, 1.66495190297546, 110.195822930880, 5063.76690543031, 1179.99870206124]
Final_InfSP_payments = []
Individual_Profits_after_surplus_distribution = []
Topology= [(1, 1), (1, 4), (2, 3), (2, 4), (3, 1), (3, 3), (3, 4), (4, 1), (4, 2), (4, 5), (5, 1), (5, 2), (5, 3), (5, 5)]


--- New experiment --
Providers = 5
Topology = 2
Locations = 5
Requests = 20
Utilization = 1.0
VCG_payments = [1.25868505386461, 61.6905812558543, 9727.54594408805, 19356.2516612460, 10626.4889458102]
VCG_payments_total = 39773.2358174540
VSP_payments = [3681.8503386186117, 972.8329863134032, 2592.708812676695, 3287.6188986614593, 5179.060783275374, 2343.573790469194, 3498.175048386828, 3810.6209991559126, 3709.7068963336505, 3384.8302899675136, 4872.274568324498, 2597.8275832829727, 6849.590631774472, 1137.0170275410806, 3729.3558508357473, 2958.068505402969, 4217.393143684809, 4277.231274280618, 1827.3937383341797, 3190.320396300664]
VSP_payments_total = 68117.45156362065
Surplus= 28344.2157461666
InfSP_costs = [0, 58.0996543734517, 9539.23455181721, 2412.12929375180, 8574.83220098142]
InfSP_total_cost = 20584.2957009239
Total_Profit = 19188.9401165301
Strategic_Provider = 4
Individual_Profit_VCG = [1.25868505386461, 3.59092688240264, 188.311392270842, 16944.1223674942, 2051.65674482879]
Final_InfSP_payments = []
Individual_Profits_after_surplus_distribution = []
Topology= [(1, 1), (1, 4), (2, 3), (2, 4), (3, 1), (3, 3), (3, 4), (4, 1), (4, 2), (4, 5), (5, 1), (5, 2), (5, 3), (5, 5)]


--- New experiment --
Providers = 5
Topology = 2
Locations = 5
Requests = 30
Utilization = 1.0
VCG_payments = [3985.79383551156, 3156.77691218311, 13068.4675870990, 35007.2847897183, 17472.8505616682]
VCG_payments_total = 72691.1736861802
VSP_payments = [3681.8503386186117, 972.8329863134032, 2592.708812676695, 3287.6188986614593, 5179.060783275374, 2343.573790469194, 3498.175048386828, 3810.6209991559126, 3709.7068963336505, 3384.8302899675136, 4872.274568324498, 2597.8275832829727, 6849.590631774472, 1137.0170275410806, 3729.3558508357473, 2958.068505402969, 4217.393143684809, 4277.231274280618, 1827.3937383341797, 3190.320396300664, 3617.2459233782056, 2663.3049553393053, 3641.077270315708, 4991.5932860509465, 3842.4680783579297, 6116.647567790305, 1419.908587004206, 5489.127402503051, 5705.749649790676, 1269.2295432914866]
VSP_payments_total = 106873.80382744245
Surplus= 34182.6301412624
InfSP_costs = [0.865094644088458, 1686.27974635859, 12853.4200780738, 4069.01456590354, 13562.6417708246]
InfSP_total_cost = 32172.2212558046
Total_Profit = 40518.9524303756
Strategic_Provider = 4
Individual_Profit_VCG = [3984.92874086747, 1470.49716582452, 215.047509025258, 30938.2702238148, 3910.20879084360]
Final_InfSP_payments = []
Individual_Profits_after_surplus_distribution = []
Topology= [(1, 1), (1, 4), (2, 3), (2, 4), (3, 1), (3, 3), (3, 4), (4, 1), (4, 2), (4, 5), (5, 1), (5, 2), (5, 3), (5, 5)]


--- New experiment --
Providers = 5
Topology = 2
Locations = 5
Requests = 50
Utilization = 1.0
VCG_payments = [13543.7324887018, 18898.3021228607, 24114.6048823423, 80727.3015600327, 39046.9924854288]
VCG_payments_total = 176330.933539366
VSP_payments = [3681.8503386186117, 972.8329863134032, 2592.708812676695, 3287.6188986614593, 5179.060783275374, 2343.573790469194, 3498.175048386828, 3810.6209991559126, 3709.7068963336505, 3384.8302899675136, 4872.274568324498, 2597.8275832829727, 6849.590631774472, 1137.0170275410806, 3729.3558508357473, 2958.068505402969, 4217.393143684809, 4277.231274280618, 1827.3937383341797, 3190.320396300664, 3617.2459233782056, 2663.3049553393053, 3641.077270315708, 4991.5932860509465, 3842.4680783579297, 6116.647567790305, 1419.908587004206, 5489.127402503051, 5705.749649790676, 1269.2295432914866, 3724.614890507639, 4889.389056623625, 2282.573179484323, 3865.950112346854, 4246.250292645517, 4042.169067541262, 3885.1591240785833, 4063.0397922937123, 3644.8158765539683, 2347.9460810848486, 3422.9751217519624, 5713.089457149838, 2967.3455310780855, 2840.3975129178275, 3311.58557590153, 3270.4383021987887, 1397.9289585104095, 2660.1547940804126, 7222.045397347325, 3756.347878774387]
VSP_payments_total = 180428.0198303133
Surplus= 4097.08629094719
InfSP_costs = [274.147237282488, 4037.88411589085, 17681.6193274847, 14494.8714267490, 17839.5654915842]
InfSP_total_cost = 54328.0875989912
Total_Profit = 122002.845940375
Strategic_Provider = 5
Individual_Profit_VCG = [13269.5852514193, 14860.4180069699, 6432.98555485757, 66232.4301332837, 21207.4269938446]
Final_InfSP_payments = []
Individual_Profits_after_surplus_distribution = []
Topology= [(1, 1), (1, 4), (2, 3), (2, 4), (3, 1), (3, 3), (3, 4), (4, 1), (4, 2), (4, 5), (5, 1), (5, 2), (5, 3), (5, 5)]


--- New experiment --
Providers = 5
Topology = 2
Locations = 5
Requests = 70
Utilization = 0.8714285714285714
VCG_payments = [15950.6683893070, 26778.5644679656, 29205.2956447707, 102885.340203913, 56185.9863964367]
VCG_payments_total = 231005.855102393
VSP_payments = [3681.8503386186117, 972.8329863134032, 2592.708812676695, 3287.6188986614593, 5179.060783275374, 2343.573790469194, 3498.175048386828, 3810.6209991559126, 3709.7068963336505, 3384.8302899675136, 4872.274568324498, 2597.8275832829727, 6849.590631774472, 1137.0170275410806, 3729.3558508357473, 2958.068505402969, 4217.393143684809, 4277.231274280618, 1827.3937383341797, 3190.320396300664, 3617.2459233782056, 2663.3049553393053, 3641.077270315708, 4991.5932860509465, 3842.4680783579297, 6116.647567790305, 1419.908587004206, 5489.127402503051, 5705.749649790676, 1269.2295432914866, 3724.614890507639, 4889.389056623625, 2282.573179484323, 3865.950112346854, 4246.250292645517, 4042.169067541262, 3885.1591240785833, 4063.0397922937123, 3644.8158765539683, 2347.9460810848486, 3422.9751217519624, 5713.089457149838, 2967.3455310780855, 2840.3975129178275, 3311.58557590153, 3270.4383021987887, 1397.9289585104095, 2660.1547940804126, 7222.045397347325, 3756.347878774387, 3678.32895585811, 4174.413373952909, 1956.0783613825226, 2484.355736083465, 6447.019875505612, 2390.831153848385, 1433.6128378252895, 3497.4278185894277, 4473.911476367829, 3426.4462448506333, 2010.161063366262, 4045.130656718376, 2766.885767500693, 3398.383945287126, 5909.983064611757, 1643.669113319234, 3388.1274515715113, 2524.6037605083543, 1630.4021662171792, 2265.768282588531]
VSP_payments_total = 243973.56093626653
Surplus= -8581.99689733612
InfSP_costs = [271.105696110524, 6813.59924832145, 17736.9944854275, 20130.0733282194, 20124.0754681835]
InfSP_total_cost = 65075.8482262624
Total_Profit = 165930.006876131
Strategic_Provider = 3
Individual_Profit_VCG = [15679.5626931964, 19964.9652196442, 11468.3011593432, 82755.2668756936, 36061.9109282532]
Final_InfSP_payments = []
Individual_Profits_after_surplus_distribution = []
Topology= [(1, 1), (1, 4), (2, 3), (2, 4), (3, 1), (3, 3), (3, 4), (4, 1), (4, 2), (4, 5), (5, 1), (5, 2), (5, 3), (5, 5)]


--- New experiment --
Providers = 5
Topology = 3
Locations = 5
Requests = 10
Utilization = 1.0
VCG_payments = [104.334308545796, 1304.82246637866, 1379.53215689515, 3876.34452482590, 4817.12451678531]
VCG_payments_total = 11482.1579734308
VSP_payments = [5463.044308066066, 3418.274288601039, 2823.4231344342506, 3592.0820695224793, 3812.322506968552, 1905.4530717976065, 2099.82295620315, 1712.4339932788134, 3510.174725895899, 3549.648838056112]
VSP_payments_total = 31886.679892823966
Surplus= 20404.5219193931
InfSP_costs = [100.140862693458, 871.681524007456, 1269.03964407020, 3519.41702196668, 4516.13507126460]
InfSP_total_cost = 10276.4141240024
Total_Profit = 1205.74384942843
Strategic_Provider = 3
Individual_Profit_VCG = [4.19344585233874, 433.140942371201, 110.492512824958, 356.927502859221, 300.989445520707]
Final_InfSP_payments = []
Individual_Profits_after_surplus_distribution = []
Topology= [(1, 1), (1, 3), (2, 2), (2, 3), (2, 4), (3, 2), (3, 3), (4, 1), (4, 2), (4, 3), (4, 5), (5, 2), (5, 3), (5, 4), (5, 5)]


--- New experiment --
Providers = 5
Topology = 3
Locations = 5
Requests = 20
Utilization = 1.0
VCG_payments = [112.115721105969, 3587.87498424049, 4588.23992760709, 16763.6985679402, 7041.57560222570]
VCG_payments_total = 32093.5048031194
VSP_payments = [5463.044308066066, 3418.274288601039, 2823.4231344342506, 3592.0820695224793, 3812.322506968552, 1905.4530717976065, 2099.82295620315, 1712.4339932788134, 3510.174725895899, 3549.648838056112, 5074.550996964555, 1402.587526799854, 7100.498652216568, 3307.6143121770315, 2921.2427573911896, 1981.171932161299, 3672.27820028592, 9354.452449066208, 5698.900596094995, 2286.5100264980874]
VSP_payments_total = 74686.48734247968
Surplus= 42592.9825393603
InfSP_costs = [103.788505162372, 2396.53821511962, 4278.36753995450, 6657.84957075169, 6600.51052809265]
InfSP_total_cost = 20037.0543590808
Total_Profit = 12056.4504440386
Strategic_Provider = 4
Individual_Profit_VCG = [8.32721594359727, 1191.33676912086, 309.872387652590, 10105.8489971885, 441.065074133043]
Final_InfSP_payments = []
Individual_Profits_after_surplus_distribution = []
Topology= [(1, 1), (1, 3), (2, 2), (2, 3), (2, 4), (3, 2), (3, 3), (4, 1), (4, 2), (4, 3), (4, 5), (5, 2), (5, 3), (5, 4), (5, 5)]


--- New experiment --
Providers = 5
Topology = 3
Locations = 5
Requests = 30
Utilization = 1.0
VCG_payments = [5231.75947164299, 5983.74848737192, 8686.87528564148, 32347.9689604070, 10286.8469305259]
VCG_payments_total = 62537.1991355893
VSP_payments = [5463.044308066066, 3418.274288601039, 2823.4231344342506, 3592.0820695224793, 3812.322506968552, 1905.4530717976065, 2099.82295620315, 1712.4339932788134, 3510.174725895899, 3549.648838056112, 5074.550996964555, 1402.587526799854, 7100.498652216568, 3307.6143121770315, 2921.2427573911896, 1981.171932161299, 3672.27820028592, 9354.452449066208, 5698.900596094995, 2286.5100264980874, 5424.189427041664, 2735.935348636764, 4607.6438576687315, 1861.8505003387215, 1576.2881650930078, 2832.529375622166, 5810.472563472692, 3388.7759521434577, 3435.666534467956, 3120.158192935374]
VSP_payments_total = 109479.99725990022
Surplus= 46942.7981243110
InfSP_costs = [1912.52514533294, 3794.14857984586, 8175.70491854962, 7809.30693680389, 9645.77309698155]
InfSP_total_cost = 31337.4586775139
Total_Profit = 31199.7404580754
Strategic_Provider = 4
Individual_Profit_VCG = [3319.23432631005, 2189.59990752607, 511.170367091860, 24538.6620236031, 641.073833544386]
Final_InfSP_payments = []
Individual_Profits_after_surplus_distribution = []
Topology= [(1, 1), (1, 3), (2, 2), (2, 3), (2, 4), (3, 2), (3, 3), (4, 1), (4, 2), (4, 3), (4, 5), (5, 2), (5, 3), (5, 4), (5, 5)]


--- New experiment --
Providers = 5
Topology = 3
Locations = 5
Requests = 50
Utilization = 1.0
VCG_payments = [28448.1414646000, 28676.0442774910, 13018.8486102462, 63114.6798469607, 25157.4920206286]
VCG_payments_total = 158415.206219926
VSP_payments = [5463.044308066066, 3418.274288601039, 2823.4231344342506, 3592.0820695224793, 3812.322506968552, 1905.4530717976065, 2099.82295620315, 1712.4339932788134, 3510.174725895899, 3549.648838056112, 5074.550996964555, 1402.587526799854, 7100.498652216568, 3307.6143121770315, 2921.2427573911896, 1981.171932161299, 3672.27820028592, 9354.452449066208, 5698.900596094995, 2286.5100264980874, 5424.189427041664, 2735.935348636764, 4607.6438576687315, 1861.8505003387215, 1576.2881650930078, 2832.529375622166, 5810.472563472692, 3388.7759521434577, 3435.666534467956, 3120.158192935374, 6085.4408833406105, 2331.275139862365, 3318.56775552367, 3261.1824364240138, 2546.150698605283, 3368.167561521935, 3782.8022934751875, 5116.906027985533, 1979.9117259565342, 3132.0330986522904, 3687.64359215322, 3194.1539656441873, 3209.726140088947, 2950.9259916110536, 3610.2512520386126, 3743.1553908065703, 4920.509718796315, 3546.407804877991, 2030.5631207707738, 3563.6966507014845]
VSP_payments_total = 178859.4685087368
Surplus= 20444.2622888104
InfSP_costs = [6601.49709206321, 7442.96687369833, 12252.1017241429, 7981.34816054726, 18894.8250054251]
InfSP_total_cost = 53172.7388558768
Total_Profit = 105242.467364050
Strategic_Provider = 4
Individual_Profit_VCG = [21846.6443725368, 21233.0774037927, 766.746886103305, 55133.3316864134, 6262.66701520349]
Final_InfSP_payments = []
Individual_Profits_after_surplus_distribution = []
Topology= [(1, 1), (1, 3), (2, 2), (2, 3), (2, 4), (3, 2), (3, 3), (4, 1), (4, 2), (4, 3), (4, 5), (5, 2), (5, 3), (5, 4), (5, 5)]


--- New experiment --
Providers = 5
Topology = 3
Locations = 5
Requests = 70
Utilization = 0.9285714285714286
VCG_payments = [49143.0965947972, 43435.7912689293, 13221.5904883913, 86281.5078622068, 48758.4795932879]
VCG_payments_total = 240840.465807612
VSP_payments = [5463.044308066066, 3418.274288601039, 2823.4231344342506, 3592.0820695224793, 3812.322506968552, 1905.4530717976065, 2099.82295620315, 1712.4339932788134, 3510.174725895899, 3549.648838056112, 5074.550996964555, 1402.587526799854, 7100.498652216568, 3307.6143121770315, 2921.2427573911896, 1981.171932161299, 3672.27820028592, 9354.452449066208, 5698.900596094995, 2286.5100264980874, 5424.189427041664, 2735.935348636764, 4607.6438576687315, 1861.8505003387215, 1576.2881650930078, 2832.529375622166, 5810.472563472692, 3388.7759521434577, 3435.666534467956, 3120.158192935374, 6085.4408833406105, 2331.275139862365, 3318.56775552367, 3261.1824364240138, 2546.150698605283, 3368.167561521935, 3782.8022934751875, 5116.906027985533, 1979.9117259565342, 3132.0330986522904, 3687.64359215322, 3194.1539656441873, 3209.726140088947, 2950.9259916110536, 3610.2512520386126, 3743.1553908065703, 4920.509718796315, 3546.407804877991, 2030.5631207707738, 3563.6966507014845, 4332.26306140829, 5502.938857398368, 1788.3705508035114, 2547.0402853943565, 4178.342667220812, 3357.5468800514063, 3623.341574395589, 3285.409825905683, 2798.7847717717304, 6874.690330621773, 2153.9435268665125, 2594.0052813699403, 3226.3499998131415, 3681.013304589599, 3997.506485765562, 2150.3142745084224, 3063.2139921426824, 1270.5783743044935, 3428.552822127501, 4101.781942121688]
VSP_payments_total = 246815.4573173179
Surplus= -4174.69398039408
InfSP_costs = [11052.9704036952, 7442.98658644836, 12268.1262374415, 8067.19427391824, 30842.9717592819]
InfSP_total_cost = 69674.2492607851
Total_Profit = 171166.216546827
Strategic_Provider = 3
Individual_Profit_VCG = [38090.1261911020, 35992.8046824809, 953.464250949768, 78214.3135882885, 17915.5078340061]
Final_InfSP_payments = []
Individual_Profits_after_surplus_distribution = []
Topology= [(1, 1), (1, 3), (2, 2), (2, 3), (2, 4), (3, 2), (3, 3), (4, 1), (4, 2), (4, 3), (4, 5), (5, 2), (5, 3), (5, 4), (5, 5)]


--- New experiment --
Providers = 5
Topology = 4
Locations = 5
Requests = 10
Utilization = 1.0
VCG_payments = [20755.2754526665, 2328.62249080709, 38.6837019634066, 0, 2406.69282711996]
VCG_payments_total = 25529.2744725570
VSP_payments = [1947.7193170273047, 1872.2302345919031, 1507.0975309921544, 3198.2556379183566, 6443.544504212238, 3686.902029839174, 2759.7905541430578, 4766.069583944909, 2835.807276822137, 4029.215709418805]
VSP_payments_total = 33046.632378910035
Surplus= 7517.35790635306
InfSP_costs = [4381.91438255492, 2301.67138479509, 38.6837019634066, 0, 1979.62522044710]
InfSP_total_cost = 8701.89468976052
Total_Profit = 16827.3797827965
Strategic_Provider = 1
Individual_Profit_VCG = [16373.3610701116, 26.9511060119962, 0, 0, 427.067606672869]
Final_InfSP_payments = []
Individual_Profits_after_surplus_distribution = []
Topology= [(1, 1), (1, 3), (1, 4), (1, 5), (2, 2), (2, 3), (2, 5), (3, 1), (3, 2), (4, 5), (5, 1), (5, 2), (5, 3), (5, 5)]


--- New experiment --
Providers = 5
Topology = 4
Locations = 5
Requests = 20
Utilization = 1.0
VCG_payments = [44336.1290475097, 6025.02560772590, 88.7559941388390, 0.619245364803646, 4347.92370275728]
VCG_payments_total = 54798.4535974965
VSP_payments = [1947.7193170273047, 1872.2302345919031, 1507.0975309921544, 3198.2556379183566, 6443.544504212238, 3686.902029839174, 2759.7905541430578, 4766.069583944909, 2835.807276822137, 4029.215709418805, 6634.536133111475, 3637.068797287821, 3681.959684524, 1557.8810927263223, 3346.8135593879138, 1502.522121086932, 4807.0905497478225, 4003.257874958879, 5103.889089871375, 3105.326126060732]
VSP_payments_total = 70426.97740767332
Surplus= 15628.5238101768
InfSP_costs = [9480.86984800689, 5962.91681422905, 84.3723961067413, 0, 3583.45648307242]
InfSP_total_cost = 19111.6155414151
Total_Profit = 35686.8380560814
Strategic_Provider = 1
Individual_Profit_VCG = [34855.2591995028, 62.1087934968518, 4.38359803209768, 0.619245364803646, 764.467219684860]
Final_InfSP_payments = []
Individual_Profits_after_surplus_distribution = []
Topology= [(1, 1), (1, 3), (1, 4), (1, 5), (2, 2), (2, 3), (2, 5), (3, 1), (3, 2), (4, 5), (5, 1), (5, 2), (5, 3), (5, 5)]


--- New experiment --
Providers = 5
Topology = 4
Locations = 5
Requests = 30
Utilization = 1.0
VCG_payments = [65561.6851320114, 8183.01003496801, 3028.46224887375, 35.7277311878279, 7484.42222603309]
VCG_payments_total = 84293.3073730740
VSP_payments = [1947.7193170273047, 1872.2302345919031, 1507.0975309921544, 3198.2556379183566, 6443.544504212238, 3686.902029839174, 2759.7905541430578, 4766.069583944909, 2835.807276822137, 4029.215709418805, 6634.536133111475, 3637.068797287821, 3681.959684524, 1557.8810927263223, 3346.8135593879138, 1502.522121086932, 4807.0905497478225, 4003.257874958879, 5103.889089871375, 3105.326126060732, 4653.525795473681, 3814.2902683538287, 4849.6113377417105, 2006.0734598006773, 2240.417033588232, 2936.037482266513, 3864.2816342392894, 6175.1006099674205, 5561.171014713656, 2148.4839105230626]
VSP_payments_total = 108675.96995434142
Surplus= 24382.6625812673
InfSP_costs = [13408.4743952819, 8094.70280857324, 2270.40483281263, 29.2385276595310, 6175.91223268680]
InfSP_total_cost = 29978.7327970141
Total_Profit = 54314.5745760600
Strategic_Provider = 2
Individual_Profit_VCG = [52153.2107367295, 88.3072263947779, 758.057416061117, 6.48920352829688, 1308.50999334628]
Final_InfSP_payments = []
Individual_Profits_after_surplus_distribution = []
Topology= [(1, 1), (1, 3), (1, 4), (1, 5), (2, 2), (2, 3), (2, 5), (3, 1), (3, 2), (4, 5), (5, 1), (5, 2), (5, 3), (5, 5)]


--- New experiment --
Providers = 5
Topology = 4
Locations = 5
Requests = 50
Utilization = 0.96
VCG_payments = [112103.834017024, 22780.1108240176, 23941.5634644956, 732.198988196295, 8105.06263378833]
VCG_payments_total = 167662.769927522
VSP_payments = [1947.7193170273047, 1872.2302345919031, 1507.0975309921544, 3198.2556379183566, 6443.544504212238, 3686.902029839174, 2759.7905541430578, 4766.069583944909, 2835.807276822137, 4029.215709418805, 6634.536133111475, 3637.068797287821, 3681.959684524, 1557.8810927263223, 3346.8135593879138, 1502.522121086932, 4807.0905497478225, 4003.257874958879, 5103.889089871375, 3105.326126060732, 4653.525795473681, 3814.2902683538287, 4849.6113377417105, 2006.0734598006773, 2240.417033588232, 2936.037482266513, 3864.2816342392894, 6175.1006099674205, 5561.171014713656, 2148.4839105230626, 3837.662207578375, 3424.3246348782445, 2810.4486601582475, 2696.2409542203336, 7406.482363814144, 2902.3162071290117, 3945.640169954818, 7350.0229200053645, 2257.4092787462737, 3560.8862377540668, 6442.927450001325, 2782.7544841461868, 5105.9649998395325, 6744.604551846697, 3833.8747156424965, 3512.422358732646, 4109.305704816554, 3721.906067836221, 6991.982121083291, 2617.877929377313]
VSP_payments_total = 194731.02397190264
Surplus= 24007.8508305671
InfSP_costs = [21409.3142651954, 11810.1794179883, 10117.0414197293, 680.378305881963, 6642.37187799084]
InfSP_total_cost = 50659.2852867858
Total_Profit = 117003.484640736
Strategic_Provider = 4
Individual_Profit_VCG = [90694.5197518291, 10969.9314060293, 13824.5220447663, 51.8206823143319, 1462.69075579749]
Final_InfSP_payments = []
Individual_Profits_after_surplus_distribution = []
Topology= [(1, 1), (1, 3), (1, 4), (1, 5), (2, 2), (2, 3), (2, 5), (3, 1), (3, 2), (4, 5), (5, 1), (5, 2), (5, 3), (5, 5)]


--- New experiment --
Providers = 5
Topology = 4
Locations = 5
Requests = 70
Utilization = 0.8714285714285714
VCG_payments = [131638.015960990, 42890.8885887517, 45971.9200280061, 2171.16352681263, 8364.26952227735]
VCG_payments_total = 231036.257626838
VSP_payments = [1947.7193170273047, 1872.2302345919031, 1507.0975309921544, 3198.2556379183566, 6443.544504212238, 3686.902029839174, 2759.7905541430578, 4766.069583944909, 2835.807276822137, 4029.215709418805, 6634.536133111475, 3637.068797287821, 3681.959684524, 1557.8810927263223, 3346.8135593879138, 1502.522121086932, 4807.0905497478225, 4003.257874958879, 5103.889089871375, 3105.326126060732, 4653.525795473681, 3814.2902683538287, 4849.6113377417105, 2006.0734598006773, 2240.417033588232, 2936.037482266513, 3864.2816342392894, 6175.1006099674205, 5561.171014713656, 2148.4839105230626, 3837.662207578375, 3424.3246348782445, 2810.4486601582475, 2696.2409542203336, 7406.482363814144, 2902.3162071290117, 3945.640169954818, 7350.0229200053645, 2257.4092787462737, 3560.8862377540668, 6442.927450001325, 2782.7544841461868, 5105.9649998395325, 6744.604551846697, 3833.8747156424965, 3512.422358732646, 4109.305704816554, 3721.906067836221, 6991.982121083291, 2617.877929377313, 4611.611697178291, 5930.281223102933, 3818.325023136411, 3739.1205428110134, 2612.876019854158, 2472.1881474561346, 5639.5931445498445, 4211.748360430215, 4623.969729683456, 2010.78154084199, 3410.015582667774, 4137.016575054359, 1896.7290132817634, 4117.972428713126, 2974.269228876076, 2967.852410040353, 3083.6363830830223, 2971.3426369831077, 1519.264827524212, 3995.870091699266]
VSP_payments_total = 265475.4885788702
Surplus= 10139.1492943113
InfSP_costs = [27221.8425067783, 11841.1639881394, 19438.3166557334, 2059.82066344657, 6854.47703132340]
InfSP_total_cost = 67415.6208454211
Total_Profit = 163620.636781417
Strategic_Provider = 2
Individual_Profit_VCG = [104416.173454212, 31049.7246006123, 26533.6033722727, 111.342863366053, 1509.79249095394]
Final_InfSP_payments = []
Individual_Profits_after_surplus_distribution = []
Topology= [(1, 1), (1, 3), (1, 4), (1, 5), (2, 2), (2, 3), (2, 5), (3, 1), (3, 2), (4, 5), (5, 1), (5, 2), (5, 3), (5, 5)]


--- New experiment --
Providers = 5
Topology = 5
Locations = 5
Requests = 10
Utilization = 1.0
VCG_payments = [5037.98067181716, 3827.37433252409, 69.3850194356382, 2.42270154426660, 7268.93004260490]
VCG_payments_total = 16206.0927679261
VSP_payments = [7498.852997858132, 6752.22628234661, 2146.311091515858, 4138.012095596647, 1576.9492109506994, 5827.692007749489, 1528.1688712159184, 1945.528844858849, 3945.2908201159676, 5373.13389807626]
VSP_payments_total = 40732.16612028443
Surplus= 24526.0733523584
InfSP_costs = [4125.06746408159, 2657.82505185971, 68.2603055407157, 1.73914565788715, 4310.81810649674]
InfSP_total_cost = 11163.7100736366
Total_Profit = 5042.38269428942
Strategic_Provider = 3
Individual_Profit_VCG = [912.913207735573, 1169.54928066439, 1.12471389492251, 0.683555886379456, 2958.11193610816]
Final_InfSP_payments = []
Individual_Profits_after_surplus_distribution = []
Topology= [(1, 1), (1, 2), (1, 3), (1, 5), (2, 4), (2, 5), (3, 2), (4, 1), (4, 3), (5, 1), (5, 2), (5, 3), (5, 4)]


--- New experiment --
Providers = 5
Topology = 5
Locations = 5
Requests = 20
Utilization = 1.0
VCG_payments = [10291.5725605573, 9508.45840511004, 72.4398352409771, 19.1843722661870, 20615.1464768826]
VCG_payments_total = 40506.8016500570
VSP_payments = [7498.852997858132, 6752.22628234661, 2146.311091515858, 4138.012095596647, 1576.9492109506994, 5827.692007749489, 1528.1688712159184, 1945.528844858849, 3945.2908201159676, 5373.13389807626, 5060.532699702642, 1889.8987074967292, 3237.7544996092106, 2520.857051380323, 4195.800105448867, 2143.540854056634, 4167.835258664762, 1969.5061308868965, 1629.5484910621617, 2734.091123698476]
VSP_payments_total = 70281.53104229113
Surplus= 29774.7293922341
InfSP_costs = [8117.02915035580, 4033.39015346953, 70.2803335357782, 18.2301225403091, 7959.78832913651]
InfSP_total_cost = 20198.7180890379
Total_Profit = 20308.0835610191
Strategic_Provider = 2
Individual_Profit_VCG = [2174.54341020145, 5475.06825164051, 2.15950170519891, 0.954249725877858, 12655.3581477461]
Final_InfSP_payments = []
Individual_Profits_after_surplus_distribution = []
Topology= [(1, 1), (1, 2), (1, 3), (1, 5), (2, 4), (2, 5), (3, 2), (4, 1), (4, 3), (5, 1), (5, 2), (5, 3), (5, 4)]


--- New experiment --
Providers = 5
Topology = 5
Locations = 5
Requests = 30
Utilization = 0.8666666666666667
VCG_payments = [10280.4485646179, 4601.08742453050, 30.1068663584276, 82.0219180611492, 11768.6938392171]
VCG_payments_total = 26762.3586127850
VSP_payments = [7498.852997858132, 6752.22628234661, 2146.311091515858, 4138.012095596647, 1576.9492109506994, 5827.692007749489, 1528.1688712159184, 1945.528844858849, 3945.2908201159676, 5373.13389807626, 5060.532699702642, 1889.8987074967292, 3237.7544996092106, 2520.857051380323, 4195.800105448867, 2143.540854056634, 4167.835258664762, 1969.5061308868965, 1629.5484910621617, 2734.091123698476, 5926.259215070679, 5969.288155589658, 3983.3953760964296, 4114.985680836596, 4846.17007359864, 5025.406431418649, 5110.204684295415, 2101.9822144566733, 542.9335370828227, 2484.8858260746456]
VSP_payments_total = 110387.04223681135
Surplus= 76801.2036214074
InfSP_costs = [10280.4485646179, 4601.08742453050, 30.1068663584276, 82.0219180611492, 11768.6938392171]
InfSP_total_cost = 26762.3586127850
Total_Profit = 0
Strategic_Provider = 2
Individual_Profit_VCG = [0, 0, 0, 0, 0]
Final_InfSP_payments = []
Individual_Profits_after_surplus_distribution = []
Topology= [(1, 1), (1, 2), (1, 3), (1, 5), (2, 4), (2, 5), (3, 2), (4, 1), (4, 3), (5, 1), (5, 2), (5, 3), (5, 4)]


--- New experiment --
Providers = 5
Topology = 5
Locations = 5
Requests = 50
Utilization = 0.7
VCG_payments = [14780.9743552100, 5524.16385832103, 34.5186506921609, 153.764494658972, 13919.4449870835]
VCG_payments_total = 34412.8663459656
VSP_payments = [7498.852997858132, 6752.22628234661, 2146.311091515858, 4138.012095596647, 1576.9492109506994, 5827.692007749489, 1528.1688712159184, 1945.528844858849, 3945.2908201159676, 5373.13389807626, 5060.532699702642, 1889.8987074967292, 3237.7544996092106, 2520.857051380323, 4195.800105448867, 2143.540854056634, 4167.835258664762, 1969.5061308868965, 1629.5484910621617, 2734.091123698476, 5926.259215070679, 5969.288155589658, 3983.3953760964296, 4114.985680836596, 4846.17007359864, 5025.406431418649, 5110.204684295415, 2101.9822144566733, 542.9335370828227, 2484.8858260746456, 2509.1722264766818, 4603.228141186436, 6640.968414884099, 4565.316160056913, 3462.524978517467, 2656.1824707202813, 1698.334056267818, 1969.0003774005359, 3911.932546616914, 1759.5129258034144, 1640.3575782919538, 4674.443895231451, 3072.363311993306, 3600.8176635339314, 7179.967860962061, 2655.5855154442893, 5091.666824675043, 4010.3244572518565, 6352.58387010744, 4380.108684104198]
VSP_payments_total = 186821.43419633748
Surplus= 101794.503574485
InfSP_costs = [14780.9743552100, 5524.16385832103, 34.5186506921609, 153.764494658972, 13919.4449870835]
InfSP_total_cost = 34412.8663459656
Total_Profit = 0
Strategic_Provider = 3
Individual_Profit_VCG = [0, 0, 0, 0, 0]
Final_InfSP_payments = []
Individual_Profits_after_surplus_distribution = []
Topology= [(1, 1), (1, 2), (1, 3), (1, 5), (2, 4), (2, 5), (3, 2), (4, 1), (4, 3), (5, 1), (5, 2), (5, 3), (5, 4)]


--- New experiment --
Providers = 5
Topology = 5
Locations = 5
Requests = 70
Utilization = 0.6
VCG_payments = [17938.4877123395, 6143.54648152448, 35.5057414782422, 342.063488866034, 16868.6698488720]
VCG_payments_total = 41328.2732730803
VSP_payments = [7498.852997858132, 6752.22628234661, 2146.311091515858, 4138.012095596647, 1576.9492109506994, 5827.692007749489, 1528.1688712159184, 1945.528844858849, 3945.2908201159676, 5373.13389807626, 5060.532699702642, 1889.8987074967292, 3237.7544996092106, 2520.857051380323, 4195.800105448867, 2143.540854056634, 4167.835258664762, 1969.5061308868965, 1629.5484910621617, 2734.091123698476, 5926.259215070679, 5969.288155589658, 3983.3953760964296, 4114.985680836596, 4846.17007359864, 5025.406431418649, 5110.204684295415, 2101.9822144566733, 542.9335370828227, 2484.8858260746456, 2509.1722264766818, 4603.228141186436, 6640.968414884099, 4565.316160056913, 3462.524978517467, 2656.1824707202813, 1698.334056267818, 1969.0003774005359, 3911.932546616914, 1759.5129258034144, 1640.3575782919538, 4674.443895231451, 3072.363311993306, 3600.8176635339314, 7179.967860962061, 2655.5855154442893, 5091.666824675043, 4010.3244572518565, 6352.58387010744, 4380.108684104198, 3196.08416085179, 1524.9265305764636, 1762.8373240918395, 1634.1353333291245, 3550.914347865626, 4040.767399349749, 4430.560340901944, 1828.2434010654706, 4425.867638389202, 4915.064694902576, 3240.703183025458, 4419.595667360028, 5348.238521452144, 2902.581425249844, 2448.5825196707365, 1385.9725442847794, 4234.047086468019, 4363.042426982724, 3328.422363547563, 5444.28519488863]
VSP_payments_total = 255246.30630059115
Surplus= 117845.609673839
InfSP_costs = [17938.4877123395, 6143.54648152448, 35.5057414782422, 342.063488866034, 16868.6698488720]
InfSP_total_cost = 41328.2732730803
Total_Profit = 0
Strategic_Provider = 5
Individual_Profit_VCG = [0, 0, 0, 0, 0]
Final_InfSP_payments = []
Individual_Profits_after_surplus_distribution = []
Topology= [(1, 1), (1, 2), (1, 3), (1, 5), (2, 4), (2, 5), (3, 2), (4, 1), (4, 3), (5, 1), (5, 2), (5, 3), (5, 4)]


--- New experiment --
Providers = 5
Topology = 6
Locations = 5
Requests = 10
Utilization = 1.0
VCG_payments = [0, 8287.94606950977, 66.8915893334658, 2335.80738959948, 0.866085078265745]
VCG_payments_total = 10691.5111335210
VSP_payments = [2101.163733189543, 5583.725987905025, 5565.74781675444, 4011.420465086511, 3593.9581306486893, 2139.330229962625, 3148.9584397491117, 3968.760945354072, 6566.983559967441, 2424.6032068765558]
VSP_payments_total = 39104.65251549402
Surplus= 28413.1413819730
InfSP_costs = [0, 8287.94606950977, 66.8915893334658, 2335.80738959948, 0.866085078265745]
InfSP_total_cost = 10691.5111335210
Total_Profit = 0
Strategic_Provider = 5
Individual_Profit_VCG = [0, 0, 0, 0, 0]
Final_InfSP_payments = []
Individual_Profits_after_surplus_distribution = []
Topology= [(1, 5), (2, 1), (2, 3), (2, 4), (2, 5), (3, 4), (3, 5), (4, 1), (4, 2), (4, 3), (5, 2), (5, 4)]


--- New experiment --
Providers = 5
Topology = 6
Locations = 5
Requests = 20
Utilization = 1.0
VCG_payments = [0.922001510901315, 15075.3815179946, 66.6724068308545, 4828.97423401191, 79.9459712040799]
VCG_payments_total = 20051.8961315523
VSP_payments = [2101.163733189543, 5583.725987905025, 5565.74781675444, 4011.420465086511, 3593.9581306486893, 2139.330229962625, 3148.9584397491117, 3968.760945354072, 6566.983559967441, 2424.6032068765558, 2085.8669019529057, 5980.787276071438, 3271.5519997513443, 3376.1443424598524, 4704.824477895863, 2339.398877046342, 2623.6086292138543, 5383.551875679043, 3124.69764327445, 3075.2266517885632]
VSP_payments_total = 75070.31119062768
Surplus= 55018.4150590753
InfSP_costs = [0.922001510901315, 15075.3815179946, 66.6724068308545, 4828.97423401191, 79.9459712040799]
InfSP_total_cost = 20051.8961315523
Total_Profit = 0
Strategic_Provider = 2
Individual_Profit_VCG = [0, 0, 0, 0, 0]
Final_InfSP_payments = []
Individual_Profits_after_surplus_distribution = []
Topology= [(1, 5), (2, 1), (2, 3), (2, 4), (2, 5), (3, 4), (3, 5), (4, 1), (4, 2), (4, 3), (5, 2), (5, 4)]


--- New experiment --
Providers = 5
Topology = 6
Locations = 5
Requests = 30
Utilization = 1.0
VCG_payments = [1.35088749678917, 24116.5036228414, 125.045112298575, 6255.44323335225, 1295.47300322093]
VCG_payments_total = 31793.8158592099
VSP_payments = [2101.163733189543, 5583.725987905025, 5565.74781675444, 4011.420465086511, 3593.9581306486893, 2139.330229962625, 3148.9584397491117, 3968.760945354072, 6566.983559967441, 2424.6032068765558, 2085.8669019529057, 5980.787276071438, 3271.5519997513443, 3376.1443424598524, 4704.824477895863, 2339.398877046342, 2623.6086292138543, 5383.551875679043, 3124.69764327445, 3075.2266517885632, 2858.9169083631036, 3949.9159371694673, 2232.4908616602006, 4777.988384164178, 4793.394822281105, 5646.852982924353, 4552.125809233435, 5526.691092276553, 2031.9252469507887, 2951.2429803189784]
VSP_payments_total = 114391.85621596982
Surplus= 82598.0403567599
InfSP_costs = [1.35088749678917, 24116.5036228414, 125.045112298575, 6255.44323335225, 1295.47300322093]
InfSP_total_cost = 31793.8158592099
Total_Profit = 0
Strategic_Provider = 3
Individual_Profit_VCG = [0, 0, 0, 0, 0]
Final_InfSP_payments = []
Individual_Profits_after_surplus_distribution = []
Topology= [(1, 5), (2, 1), (2, 3), (2, 4), (2, 5), (3, 4), (3, 5), (4, 1), (4, 2), (4, 3), (5, 2), (5, 4)]


--- New experiment --
Providers = 5
Topology = 6
Locations = 5
Requests = 50
Utilization = 0.8
VCG_payments = [2.83364579019576, 30258.8947479079, 2621.21832412744, 6716.26707039956, 1607.52721936717]
VCG_payments_total = 41206.7410075923
VSP_payments = [2101.163733189543, 5583.725987905025, 5565.74781675444, 4011.420465086511, 3593.9581306486893, 2139.330229962625, 3148.9584397491117, 3968.760945354072, 6566.983559967441, 2424.6032068765558, 2085.8669019529057, 5980.787276071438, 3271.5519997513443, 3376.1443424598524, 4704.824477895863, 2339.398877046342, 2623.6086292138543, 5383.551875679043, 3124.69764327445, 3075.2266517885632, 2858.9169083631036, 3949.9159371694673, 2232.4908616602006, 4777.988384164178, 4793.394822281105, 5646.852982924353, 4552.125809233435, 5526.691092276553, 2031.9252469507887, 2951.2429803189784, 2462.3426338808026, 2812.370429279307, 2919.3677540492195, 3776.731361110814, 4125.262281805499, 4038.6492896693735, 5101.564633381537, 2554.5358017308613, 3206.4778810745715, 4739.433491653586, 2153.8200716048636, 3605.0397964508047, 4072.3236417299936, 3559.5562415009754, 3030.380398704586, 4381.254632982092, 4983.741758466721, 3552.2085269967347, 4587.757396711497, 5107.94641124758]
VSP_payments_total = 189162.62065000125
Surplus= 122714.996436411
InfSP_costs = [2.83364579019576, 30258.8947479079, 2621.21832412744, 6716.26707039956, 1607.52721936717]
InfSP_total_cost = 41206.7410075923
Total_Profit = 0
Strategic_Provider = 3
Individual_Profit_VCG = [0, 0, 0, 0, 0]
Final_InfSP_payments = []
Individual_Profits_after_surplus_distribution = []
Topology= [(1, 5), (2, 1), (2, 3), (2, 4), (2, 5), (3, 4), (3, 5), (4, 1), (4, 2), (4, 3), (5, 2), (5, 4)]


--- New experiment --
Providers = 5
Topology = 6
Locations = 5
Requests = 70
Utilization = 0.6857142857142857
VCG_payments = [4.19400331208516, 35650.7277651544, 4498.36967385145, 6599.14736838297, 2376.10419072681]
VCG_payments_total = 49128.5430014278
VSP_payments = [2101.163733189543, 5583.725987905025, 5565.74781675444, 4011.420465086511, 3593.9581306486893, 2139.330229962625, 3148.9584397491117, 3968.760945354072, 6566.983559967441, 2424.6032068765558, 2085.8669019529057, 5980.787276071438, 3271.5519997513443, 3376.1443424598524, 4704.824477895863, 2339.398877046342, 2623.6086292138543, 5383.551875679043, 3124.69764327445, 3075.2266517885632, 2858.9169083631036, 3949.9159371694673, 2232.4908616602006, 4777.988384164178, 4793.394822281105, 5646.852982924353, 4552.125809233435, 5526.691092276553, 2031.9252469507887, 2951.2429803189784, 2462.3426338808026, 2812.370429279307, 2919.3677540492195, 3776.731361110814, 4125.262281805499, 4038.6492896693735, 5101.564633381537, 2554.5358017308613, 3206.4778810745715, 4739.433491653586, 2153.8200716048636, 3605.0397964508047, 4072.3236417299936, 3559.5562415009754, 3030.380398704586, 4381.254632982092, 4983.741758466721, 3552.2085269967347, 4587.757396711497, 5107.94641124758, 4172.993498252057, 4044.872055964884, 4216.964299108404, 3926.1966442269018, 2572.3826767429587, 2392.6748573582495, 2240.462040257386, 2611.1875611922014, 3400.023670457203, 3303.5233953333977, 2957.357256753068, 5535.446207183717, 7448.943055940975, 2757.220635700898, 2798.6787484991632, 4188.219568692787, 4302.257694068341, 3335.325295577783, 3977.183073796901, 2278.506710905587]
VSP_payments_total = 261623.03959601416
Surplus= 145754.823568533
InfSP_costs = [4.19400331208516, 35650.7277651544, 4498.36967385145, 6599.14736838297, 2376.10419072681]
InfSP_total_cost = 49128.5430014278
Total_Profit = 0
Strategic_Provider = 2
Individual_Profit_VCG = [0, 0, 0, 0, 0]
Final_InfSP_payments = []
Individual_Profits_after_surplus_distribution = []
Topology= [(1, 5), (2, 1), (2, 3), (2, 4), (2, 5), (3, 4), (3, 5), (4, 1), (4, 2), (4, 3), (5, 2), (5, 4)]


--- New experiment --
Providers = 5
Topology = 7
Locations = 5
Requests = 10
Utilization = 1.0
VCG_payments = [0.0157483800103364, 55.6809166299790, 4865.12192081848, 3645.81974192571, 10091.4237948466]
VCG_payments_total = 18658.0621226007
VSP_payments = [2832.628736607537, 4305.743214608367, 3707.25687118466, 2476.2571052610183, 5588.851686603749, 5441.743184882964, 1828.9024282951766, 3029.8841629972144, 2457.5058764623814, 3712.2270156015707]
VSP_payments_total = 35381.00028250464
Surplus= 16722.9381599039
InfSP_costs = [0, 54.6571179424822, 4845.76449792573, 2111.15814756156, 3810.51727895611]
InfSP_total_cost = 10822.0970423859
Total_Profit = 7835.96508021485
Strategic_Provider = 4
Individual_Profit_VCG = [0.0157483800103364, 1.02379868749686, 19.3574228927428, 1534.66159436415, 6280.90651589045]
Final_InfSP_payments = []
Individual_Profits_after_surplus_distribution = []
Topology= [(1, 4), (2, 3), (2, 4), (2, 5), (3, 3), (3, 4), (4, 2), (4, 3), (4, 5), (5, 1), (5, 2), (5, 3), (5, 5)]


--- New experiment --
Providers = 5
Topology = 7
Locations = 5
Requests = 20
Utilization = 1.0
VCG_payments = [25.9216558164771, 136.800342757509, 9011.45955361394, 7300.65562105790, 28822.3311026988]
VCG_payments_total = 45297.1682759446
VSP_payments = [2832.628736607537, 4305.743214608367, 3707.25687118466, 2476.2571052610183, 5588.851686603749, 5441.743184882964, 1828.9024282951766, 3029.8841629972144, 2457.5058764623814, 3712.2270156015707, 2389.0134091215377, 1413.9838197204647, 4436.449114640166, 3902.710568328335, 2889.5735943970863, 2285.0905979875524, 2360.704462079694, 5814.8100056582325, 6355.1854552663035, 3670.3166695518603]
VSP_payments_total = 70898.83797925587
Surplus= 25601.6697033113
InfSP_costs = [25.9216558164771, 130.724932362030, 8967.18387709744, 4224.26003899276, 9229.50247182539]
InfSP_total_cost = 22577.5929760941
Total_Profit = 22719.5752998505
Strategic_Provider = 4
Individual_Profit_VCG = [0, 6.07541039547965, 44.2756765164977, 3076.39558206514, 19592.8286308734]
Final_InfSP_payments = []
Individual_Profits_after_surplus_distribution = []
Topology= [(1, 4), (2, 3), (2, 4), (2, 5), (3, 3), (3, 4), (4, 2), (4, 3), (4, 5), (5, 1), (5, 2), (5, 3), (5, 5)]


--- New experiment --
Providers = 5
Topology = 7
Locations = 5
Requests = 30
Utilization = 0.9333333333333333
VCG_payments = [82.8841995538241, 182.137655994520, 11666.9901601805, 8609.81501444698, 48415.6351464833]
VCG_payments_total = 68957.4621766591
VSP_payments = [2832.628736607537, 4305.743214608367, 3707.25687118466, 2476.2571052610183, 5588.851686603749, 5441.743184882964, 1828.9024282951766, 3029.8841629972144, 2457.5058764623814, 3712.2270156015707, 2389.0134091215377, 1413.9838197204647, 4436.449114640166, 3902.710568328335, 2889.5735943970863, 2285.0905979875524, 2360.704462079694, 5814.8100056582325, 6355.1854552663035, 3670.3166695518603, 3993.5734884729127, 4942.203311764442, 3499.452570729613, 3357.24561064746, 3973.724044419798, 2503.3848945494074, 3565.905225620214, 2411.077065507197, 3282.391807718205, 3711.5012783155444]
VSP_payments_total = 106139.29727700066
Surplus= 33407.1468185415
InfSP_costs = [82.1854003481640, 173.980269283011, 11611.6503026813, 5127.77812278475, 13485.0229065691]
InfSP_total_cost = 30480.6170016663
Total_Profit = 38476.8451749928
Strategic_Provider = 4
Individual_Profit_VCG = [0.698799205660166, 8.15738671150905, 55.3398574991897, 3482.03689166223, 34930.6122399142]
Final_InfSP_payments = []
Individual_Profits_after_surplus_distribution = []
Topology= [(1, 4), (2, 3), (2, 4), (2, 5), (3, 3), (3, 4), (4, 2), (4, 3), (4, 5), (5, 1), (5, 2), (5, 3), (5, 5)]


--- New experiment --
Providers = 5
Topology = 7
Locations = 5
Requests = 50
Utilization = 0.76
VCG_payments = [2008.63421252547, 245.732432187346, 13925.8934544280, 22929.4010547812, 68538.8040421424]
VCG_payments_total = 107648.465196064
VSP_payments = [2832.628736607537, 4305.743214608367, 3707.25687118466, 2476.2571052610183, 5588.851686603749, 5441.743184882964, 1828.9024282951766, 3029.8841629972144, 2457.5058764623814, 3712.2270156015707, 2389.0134091215377, 1413.9838197204647, 4436.449114640166, 3902.710568328335, 2889.5735943970863, 2285.0905979875524, 2360.704462079694, 5814.8100056582325, 6355.1854552663035, 3670.3166695518603, 3993.5734884729127, 4942.203311764442, 3499.452570729613, 3357.24561064746, 3973.724044419798, 2503.3848945494074, 3565.905225620214, 2411.077065507197, 3282.391807718205, 3711.5012783155444, 5702.937364485902, 2425.0057988380986, 1820.7738586790408, 2579.396965567246, 2879.3946172009346, 5619.071356757778, 3903.9176187974995, 5930.546880351501, 4103.690288436526, 2898.5008299774954, 1949.7753357191214, 2150.5025862132784, 3194.0423755432976, 2322.8374759286985, 4153.896980618739, 3958.554925693508, 2558.1070020335815, 4711.504547256524, 3669.9849935870634, 4451.914771232746]
VSP_payments_total = 177123.65384991927
Surplus= 38811.3808800561
InfSP_costs = [1828.02904582872, 185.506386753769, 12166.4293981947, 9829.56170910400, 18668.5914676483]
InfSP_total_cost = 42678.1180075295
Total_Profit = 64970.3471885349
Strategic_Provider = 4
Individual_Profit_VCG = [180.605166696752, 60.2260454335770, 1759.46405623329, 13099.8393456772, 49870.2125744941]
Final_InfSP_payments = []
Individual_Profits_after_surplus_distribution = []
Topology= [(1, 4), (2, 3), (2, 4), (2, 5), (3, 3), (3, 4), (4, 2), (4, 3), (4, 5), (5, 1), (5, 2), (5, 3), (5, 5)]


--- New experiment --
Providers = 5
Topology = 7
Locations = 5
Requests = 70
Utilization = 0.7285714285714285
VCG_payments = [7360.16329929981, 4999.06650927001, 20120.5587972066, 38567.1027246327, 78866.9528355304]
VCG_payments_total = 149913.844165939
VSP_payments = [2832.628736607537, 4305.743214608367, 3707.25687118466, 2476.2571052610183, 5588.851686603749, 5441.743184882964, 1828.9024282951766, 3029.8841629972144, 2457.5058764623814, 3712.2270156015707, 2389.0134091215377, 1413.9838197204647, 4436.449114640166, 3902.710568328335, 2889.5735943970863, 2285.0905979875524, 2360.704462079694, 5814.8100056582325, 6355.1854552663035, 3670.3166695518603, 3993.5734884729127, 4942.203311764442, 3499.452570729613, 3357.24561064746, 3973.724044419798, 2503.3848945494074, 3565.905225620214, 2411.077065507197, 3282.391807718205, 3711.5012783155444, 5702.937364485902, 2425.0057988380986, 1820.7738586790408, 2579.396965567246, 2879.3946172009346, 5619.071356757778, 3903.9176187974995, 5930.546880351501, 4103.690288436526, 2898.5008299774954, 1949.7753357191214, 2150.5025862132784, 3194.0423755432976, 2322.8374759286985, 4153.896980618739, 3958.554925693508, 2558.1070020335815, 4711.504547256524, 3669.9849935870634, 4451.914771232746, 1674.9662543053291, 1270.575161708431, 1461.6377011293052, 3354.521702112223, 2321.3313332774887, 5453.778531978018, 2704.8422181216115, 2047.4662303612292, 3744.5247423064975, 2382.4007723885047, 5314.621698307646, 3244.5168541080457, 5876.783922976579, 4036.4556236118715, 2673.4277630506244, 5088.76606908317, 2621.635123110545, 6073.433952655358, 3527.715428962116, 1000.5204582583615]
VSP_payments_total = 242997.57539173224
Surplus= 37187.1086351588
InfSP_costs = [3860.45612404442, 183.379690687983, 12292.0578755025, 16988.2401946917, 22722.1091977366]
InfSP_total_cost = 56046.2430826632
Total_Profit = 93867.6010832762
Strategic_Provider = 4
Individual_Profit_VCG = [3499.70717525539, 4815.68681858202, 7828.50092170404, 21578.8625299410, 56144.8436377938]
Final_InfSP_payments = []
Individual_Profits_after_surplus_distribution = []
Topology= [(1, 4), (2, 3), (2, 4), (2, 5), (3, 3), (3, 4), (4, 2), (4, 3), (4, 5), (5, 1), (5, 2), (5, 3), (5, 5)]


--- New experiment --
Providers = 5
Topology = 8
Locations = 5
Requests = 10
Utilization = 1.0
VCG_payments = [32.8195314032600, 17988.7401467188, 68.8076069389790, 3334.84966883366, 2553.16404093732]
VCG_payments_total = 23978.3809948320
VSP_payments = [3105.135084894343, 4149.585497724464, 2069.7763942910465, 7645.53167475104, 4313.568376277252, 3959.452581286436, 2416.4761741851457, 4202.263002188099, 2540.793487183042, 3357.1877367936895]
VSP_payments_total = 37759.77000957456
Surplus= 13781.3890147425
InfSP_costs = [31.3657973945968, 3688.31853864157, 67.2820092658379, 2562.19878925167, 2532.06351167338]
InfSP_total_cost = 8881.22864622706
Total_Profit = 15097.1523486050
Strategic_Provider = 4
Individual_Profit_VCG = [1.45373400866322, 14300.4216080773, 1.52559767314111, 772.650879581988, 21.1005292639375]
Final_InfSP_payments = []
Individual_Profits_after_surplus_distribution = []
Topology= [(1, 1), (1, 2), (1, 4), (1, 5), (2, 1), (2, 3), (2, 4), (2, 5), (3, 1), (3, 2), (4, 4), (4, 5), (5, 2)]


--- New experiment --
Providers = 5
Topology = 8
Locations = 5
Requests = 20
Utilization = 1.0
VCG_payments = [76.3214739426403, 31550.1456385526, 99.2878243983796, 8145.26620094518, 3659.90670346437]
VCG_payments_total = 43530.9278413032
VSP_payments = [3105.135084894343, 4149.585497724464, 2069.7763942910465, 7645.53167475104, 4313.568376277252, 3959.452581286436, 2416.4761741851457, 4202.263002188099, 2540.793487183042, 3357.1877367936895, 4939.377313438966, 3805.832419650385, 2770.8235768384525, 3638.846496969921, 4575.050706398764, 3723.3489016901344, 2930.62285796959, 2278.845610835789, 2062.2860276303263, 4284.141243104606]
VSP_payments_total = 72768.94516410149
Surplus= 29238.0173227983
InfSP_costs = [72.3179036605283, 7529.71993527207, 95.8231663141158, 6408.62696468328, 3629.61882175433]
InfSP_total_cost = 17736.1067916843
Total_Profit = 25794.8210496189
Strategic_Provider = 1
Individual_Profit_VCG = [4.00357028211199, 24020.4257032806, 3.46465808426376, 1736.63923626190, 30.2878817100363]
Final_InfSP_payments = []
Individual_Profits_after_surplus_distribution = []
Topology= [(1, 1), (1, 2), (1, 4), (1, 5), (2, 1), (2, 3), (2, 4), (2, 5), (3, 1), (3, 2), (4, 4), (4, 5), (5, 2)]


--- New experiment --
Providers = 5
Topology = 8
Locations = 5
Requests = 30
Utilization = 1.0
VCG_payments = [148.949313123099, 46009.6287983623, 894.299024693901, 12656.4686905001, 5363.15075987206]
VCG_payments_total = 65072.4965865515
VSP_payments = [3105.135084894343, 4149.585497724464, 2069.7763942910465, 7645.53167475104, 4313.568376277252, 3959.452581286436, 2416.4761741851457, 4202.263002188099, 2540.793487183042, 3357.1877367936895, 4939.377313438966, 3805.832419650385, 2770.8235768384525, 3638.846496969921, 4575.050706398764, 3723.3489016901344, 2930.62285796959, 2278.845610835789, 2062.2860276303263, 4284.141243104606, 2503.8358323195976, 2502.2843694340654, 3240.0651692704296, 7039.816419472191, 6005.130445899139, 3829.5390065665033, 6569.110873387323, 5805.888140749296, 3837.647405653533, 3295.5220391981607]
VSP_payments_total = 117397.78486605173
Surplus= 52325.2882795002
InfSP_costs = [140.092693441427, 10076.3448359270, 621.506613508059, 10134.1787448255, 5318.60282987173]
InfSP_total_cost = 26290.7257175737
Total_Profit = 38781.7708689778
Strategic_Provider = 2
Individual_Profit_VCG = [8.85661968167179, 35933.2839624353, 272.792411185842, 2522.28994567465, 44.5479300003353]
Final_InfSP_payments = []
Individual_Profits_after_surplus_distribution = []
Topology= [(1, 1), (1, 2), (1, 4), (1, 5), (2, 1), (2, 3), (2, 4), (2, 5), (3, 1), (3, 2), (4, 4), (4, 5), (5, 2)]

